"Molecule ChEMBL ID";"Molecule Name";"Molecule Max Phase";"Molecular Weight";"#RO5 Violations";"AlogP";"Compound Key";"Smiles";"Standard Type";"Standard Relation";"Standard Value";"Standard Units";"pChEMBL Value";"Data Validity Comment";"Comment";"Uo Units";"Ligand Efficiency BEI";"Ligand Efficiency LE";"Ligand Efficiency LLE";"Ligand Efficiency SEI";"Potential Duplicate";"Assay ChEMBL ID";"Assay Description";"Assay Type";"BAO Format ID";"BAO Label";"Assay Organism";"Assay Tissue ChEMBL ID";"Assay Tissue Name";"Assay Cell Type";"Assay Subcellular Fraction";"Assay Parameters";"Assay Variant Accession";"Assay Variant Mutation";"Target ChEMBL ID";"Target Name";"Target Organism";"Target Type";"Document ChEMBL ID";"Source ID";"Source Description";"Document Journal";"Document Year";"Cell ChEMBL ID";"Properties";"Action Type";"Standard Text Value"
"CHEMBL1649591";"";"None";"191.23";"0";"1.82";"47a";"COc1ccc(N2CCCC2=O)cc1";"Inhibition";"";"";"%";"";"";"Not Active";"UO_0000187";"";"";"";"";"0";"CHEMBL1655379";"Inhibition of Leishmania major PTR1 at 500 uM";"B";"BAO_0000357";"single protein format";"Leishmania major";"None";"None";"None";"None";"";"";"";"CHEMBL6194";"Pteridine reductase 1";"Leishmania major";"SINGLE PROTEIN";"CHEMBL1649070";"1";"Scientific Literature";"J Med Chem";"2011";"None";"";"";""
"CHEMBL1650270";"";"None";"162.17";"0";"2.01";"49a";"Fc1cccc(-n2ccnc2)c1";"Inhibition";"";"";"%";"";"";"Not Active";"UO_0000187";"";"";"";"";"0";"CHEMBL1655379";"Inhibition of Leishmania major PTR1 at 500 uM";"B";"BAO_0000357";"single protein format";"Leishmania major";"None";"None";"None";"None";"";"";"";"CHEMBL6194";"Pteridine reductase 1";"Leishmania major";"SINGLE PROTEIN";"CHEMBL1649070";"1";"Scientific Literature";"J Med Chem";"2011";"None";"";"";""
"CHEMBL4552119";"";"None";"299.36";"0";"2.51";"4s";"Nc1nc2c(O)cc(C(=O)NCc3ccccc3)cc2s1";"Inhibition";"'>'";"60.0";"%";"";"";"";"UO_0000187";"";"";"";"";"0";"CHEMBL4388232";"Inhibition of Leishmania major pteridine reductase 1 at 50 uM using di-hydrobiopterine as substrate in presence of NADPH relative to control";"B";"BAO_0000357";"single protein format";"Leishmania major";"None";"None";"None";"None";"";"";"";"CHEMBL6194";"Pteridine reductase 1";"Leishmania major";"SINGLE PROTEIN";"CHEMBL4387708";"1";"Scientific Literature";"J Med Chem";"2019";"None";"";"";""
"CHEMBL4170742";"";"None";"346.29";"0";"3.32";"18";"COc1cccc2c1C(=O)c1c(oc3c1c(=O)oc1ccccc13)C2=O";"Inhibition";"'='";"2.98";"%";"";"";"";"UO_0000187";"";"";"";"";"0";"CHEMBL4135230";"Inhibition of Leishmania major pteridine reductase 1 assessed as reduction in conversion of dihydrobiopterin to tetrahydrobiopterin at 10 uM up to 50 mins in presence of NADPH by cytochrome c reduction coupled photometric assay relative to control";"B";"BAO_0000357";"single protein format";"Leishmania major";"None";"None";"None";"None";"";"";"";"CHEMBL6194";"Pteridine reductase 1";"Leishmania major";"SINGLE PROTEIN";"CHEMBL4130494";"1";"Scientific Literature";"Eur J Med Chem";"2017";"None";"";"";""
"CHEMBL242115";"";"None";"239.30";"0";"0.87";"A3";"COc1ccc(/C=N/NC(N)=S)cc1OC";"Inhibition";"'='";"20.7";"%";"";"";"";"UO_0000187";"";"";"";"";"0";"CHEMBL4196419";"Inhibition of Leishmania major PTR1 at 50 uM using H2B as substrate in presence of NADPH by photometric analysis relative to control";"B";"BAO_0000357";"single protein format";"Leishmania major";"None";"None";"None";"None";"";"";"";"CHEMBL6194";"Pteridine reductase 1";"Leishmania major";"SINGLE PROTEIN";"CHEMBL4196006";"1";"Scientific Literature";"Eur J Med Chem";"2018";"None";"";"";""
"CHEMBL4080301";"";"None";"282.37";"0";"3.75";"Z80393";"Cc1sc2ncnc(N/N=C/c3ccccc3)c2c1C";"Inhibition";"'>'";"50.0";"%";"";"";"";"UO_0000187";"";"";"";"";"0";"CHEMBL4026067";"Inhibition of Leishmania major PTR1 at 50 uM using biopterin as substrate and NADPH as cofactor by spectrofluorimetric method relative to control";"B";"BAO_0000357";"single protein format";"Leishmania major";"None";"None";"None";"None";"";"";"";"CHEMBL6194";"Pteridine reductase 1";"Leishmania major";"SINGLE PROTEIN";"CHEMBL4024726";"1";"Scientific Literature";"Eur J Med Chem";"2017";"None";"";"";""
"CHEMBL1650242";"";"None";"170.59";"0";"1.51";"11a";"O=C(CO)c1ccc(Cl)cc1";"Inhibition";"";"";"%";"";"";"Not Active";"UO_0000187";"";"";"";"";"0";"CHEMBL1655379";"Inhibition of Leishmania major PTR1 at 500 uM";"B";"BAO_0000357";"single protein format";"Leishmania major";"None";"None";"None";"None";"";"";"";"CHEMBL6194";"Pteridine reductase 1";"Leishmania major";"SINGLE PROTEIN";"CHEMBL1649070";"1";"Scientific Literature";"J Med Chem";"2011";"None";"";"";""
"CHEMBL3942723";"";"None";"302.12";"0";"2.91";"2c";"O=C1NC(=O)/C(=C/c2c(F)cccc2Br)S1";"Inhibition";"'='";"36.0";"%";"";"";"";"UO_0000187";"";"";"";"";"0";"CHEMBL3872972";"Inhibition of Leishmania major recombinant N-terminal hexa-His tagged PTR1 catalytic activity expressed in Escherichia coli BL21(DE3) at 50 uM using biopterin as substrate measured for 60 sec in presence of NADPH by UV-visible spectrophotometric method relative to control";"B";"BAO_0000019";"assay format";"Leishmania major";"None";"None";"None";"None";"";"";"";"CHEMBL6194";"Pteridine reductase 1";"Leishmania major";"SINGLE PROTEIN";"CHEMBL3872217";"1";"Scientific Literature";"Eur J Med Chem";"2016";"None";"";"";""
"CHEMBL3905744";"";"None";"334.58";"0";"3.13";"2d";"O=C1NC(=O)/C(=C/c2cc(Cl)cc(Br)c2O)S1";"Inhibition";"";"";"%";"";"";"Active";"UO_0000187";"";"";"";"";"0";"CHEMBL3872978";"Noncompetitive inhibition of Leishmania major recombinant N-terminal hexa-His tagged PTR1 catalytic activity expressed in Escherichia coli BL21(DE3) assessed as decrease in thermal shift stabilization at 50 uM at pH 4.7 in presence of varying levels of NADPH and constant biopterin substrate concentration by SYPRO orange dye based assay";"B";"BAO_0000019";"assay format";"Leishmania major";"None";"None";"None";"None";"";"";"";"CHEMBL6194";"Pteridine reductase 1";"Leishmania major";"SINGLE PROTEIN";"CHEMBL3872217";"1";"Scientific Literature";"Eur J Med Chem";"2016";"None";"";"";""
"CHEMBL1650465";"";"None";"254.14";"0";"1.89";"28b";"O=C(CCCl)Nc1nnc(CCCl)s1";"Inhibition";"";"";"%";"";"";"Not Active";"UO_0000187";"";"";"";"";"0";"CHEMBL1655390";"Inhibition of Leishmania major PTR1 at 5 uM";"B";"BAO_0000357";"single protein format";"Leishmania major";"None";"None";"None";"None";"";"";"";"CHEMBL6194";"Pteridine reductase 1";"Leishmania major";"SINGLE PROTEIN";"CHEMBL1649070";"1";"Scientific Literature";"J Med Chem";"2011";"None";"";"";""
"CHEMBL1288960";"";"None";"115.16";"0";"0.43";"1b";"Cc1nnc(N)s1";"Inhibition";"";"";"%";"";"";"Not Active";"UO_0000187";"";"";"";"";"0";"CHEMBL1655390";"Inhibition of Leishmania major PTR1 at 5 uM";"B";"BAO_0000357";"single protein format";"Leishmania major";"None";"None";"None";"None";"";"";"";"CHEMBL6194";"Pteridine reductase 1";"Leishmania major";"SINGLE PROTEIN";"CHEMBL1649070";"1";"Scientific Literature";"J Med Chem";"2011";"None";"";"";""
"CHEMBL1650236";"";"None";"125.17";"0";"0.79";"3a";"CCn1nc(C)cc1N";"Inhibition";"";"";"%";"";"";"Not Active";"UO_0000187";"";"";"";"";"0";"CHEMBL1655379";"Inhibition of Leishmania major PTR1 at 500 uM";"B";"BAO_0000357";"single protein format";"Leishmania major";"None";"None";"None";"None";"";"";"";"CHEMBL6194";"Pteridine reductase 1";"Leishmania major";"SINGLE PROTEIN";"CHEMBL1649070";"1";"Scientific Literature";"J Med Chem";"2011";"None";"";"";""
"CHEMBL1650243";"4-METHYLBENZIMIDAMIDE";"None";"134.18";"0";"1.28";"12a";"Cc1ccc(C(=N)N)cc1";"Inhibition";"";"";"%";"";"";"Not Active";"UO_0000187";"";"";"";"";"0";"CHEMBL1655379";"Inhibition of Leishmania major PTR1 at 500 uM";"B";"BAO_0000357";"single protein format";"Leishmania major";"None";"None";"None";"None";"";"";"";"CHEMBL6194";"Pteridine reductase 1";"Leishmania major";"SINGLE PROTEIN";"CHEMBL1649070";"1";"Scientific Literature";"J Med Chem";"2011";"None";"";"";""
"CHEMBL1650249";"";"None";"140.11";"0";"1.34";"18a";"O=Cc1ccc(O)cc1F";"Inhibition";"";"";"%";"";"";"Not Active";"UO_0000187";"";"";"";"";"0";"CHEMBL1655379";"Inhibition of Leishmania major PTR1 at 500 uM";"B";"BAO_0000357";"single protein format";"Leishmania major";"None";"None";"None";"None";"";"";"";"CHEMBL6194";"Pteridine reductase 1";"Leishmania major";"SINGLE PROTEIN";"CHEMBL1649070";"1";"Scientific Literature";"J Med Chem";"2011";"None";"";"";""
"CHEMBL326430";"";"None";"131.18";"0";"2.48";"27a";"Cc1cccc2cc[nH]c12";"Inhibition";"";"";"%";"";"";"Not Active";"UO_0000187";"";"";"";"";"0";"CHEMBL1655379";"Inhibition of Leishmania major PTR1 at 500 uM";"B";"BAO_0000357";"single protein format";"Leishmania major";"None";"None";"None";"None";"";"";"";"CHEMBL6194";"Pteridine reductase 1";"Leishmania major";"SINGLE PROTEIN";"CHEMBL1649070";"1";"Scientific Literature";"J Med Chem";"2011";"None";"";"";""
"CHEMBL60376";"";"None";"173.21";"0";"1.85";"40a";"Cc1cc(=O)n(C)c2ccccc12";"Inhibition";"";"";"%";"";"";"Not Active";"UO_0000187";"";"";"";"";"0";"CHEMBL1655379";"Inhibition of Leishmania major PTR1 at 500 uM";"B";"BAO_0000357";"single protein format";"Leishmania major";"None";"None";"None";"None";"";"";"";"CHEMBL6194";"Pteridine reductase 1";"Leishmania major";"SINGLE PROTEIN";"CHEMBL1649070";"1";"Scientific Literature";"J Med Chem";"2011";"None";"";"";""
"CHEMBL316508";"";"None";"213.24";"0";"1.46";"45a";"NC(=O)C1=C2CCCc3cccc(c32)C1=O";"Inhibition";"";"";"%";"";"";"Not Active";"UO_0000187";"";"";"";"";"0";"CHEMBL1655379";"Inhibition of Leishmania major PTR1 at 500 uM";"B";"BAO_0000357";"single protein format";"Leishmania major";"None";"None";"None";"None";"";"";"";"CHEMBL6194";"Pteridine reductase 1";"Leishmania major";"SINGLE PROTEIN";"CHEMBL1649070";"1";"Scientific Literature";"J Med Chem";"2011";"None";"";"";""
"CHEMBL1650269";"";"None";"159.19";"0";"1.66";"48a";"Nc1cc(-c2ccccc2)n[nH]1";"Inhibition";"";"";"%";"";"";"Not Active";"UO_0000187";"";"";"";"";"0";"CHEMBL1655379";"Inhibition of Leishmania major PTR1 at 500 uM";"B";"BAO_0000357";"single protein format";"Leishmania major";"None";"None";"None";"None";"";"";"";"CHEMBL6194";"Pteridine reductase 1";"Leishmania major";"SINGLE PROTEIN";"CHEMBL1649070";"1";"Scientific Literature";"J Med Chem";"2011";"None";"";"";""
"CHEMBL1650272";"";"None";"160.18";"0";"1.18";"51a";"Cc1cccc(-c2nnn[nH]2)c1";"Inhibition";"";"";"%";"";"";"Not Active";"UO_0000187";"";"";"";"";"0";"CHEMBL1655379";"Inhibition of Leishmania major PTR1 at 500 uM";"B";"BAO_0000357";"single protein format";"Leishmania major";"None";"None";"None";"None";"";"";"";"CHEMBL6194";"Pteridine reductase 1";"Leishmania major";"SINGLE PROTEIN";"CHEMBL1649070";"1";"Scientific Literature";"J Med Chem";"2011";"None";"";"";""
"CHEMBL193804";"";"None";"224.25";"0";"1.17";"A20";"N/C(S)=N/N=C/c1ccc([N+](=O)[O-])cc1";"Inhibition";"'='";"7.99";"%";"";"";"";"UO_0000187";"";"";"";"";"0";"CHEMBL4196419";"Inhibition of Leishmania major PTR1 at 50 uM using H2B as substrate in presence of NADPH by photometric analysis relative to control";"B";"BAO_0000357";"single protein format";"Leishmania major";"None";"None";"None";"None";"";"";"";"CHEMBL6194";"Pteridine reductase 1";"Leishmania major";"SINGLE PROTEIN";"CHEMBL4196006";"1";"Scientific Literature";"Eur J Med Chem";"2018";"None";"";"";""
"CHEMBL4080301";"";"None";"282.37";"0";"3.75";"Z80393";"Cc1sc2ncnc(N/N=C/c3ccccc3)c2c1C";"Inhibition";"";"";"%";"";"";"Active";"UO_0000187";"";"";"";"";"0";"CHEMBL4026066";"Competitive inhibition of Leishmania major PTR1 assessed as decrease in thermal shift stabilization at 1 mM in presence of saturating concentration of biopterin and varying levels of NADPH by spectrofluorimetric method";"B";"BAO_0000357";"single protein format";"Leishmania major";"None";"None";"None";"None";"";"";"";"CHEMBL6194";"Pteridine reductase 1";"Leishmania major";"SINGLE PROTEIN";"CHEMBL4024726";"1";"Scientific Literature";"Eur J Med Chem";"2017";"None";"";"";""
"CHEMBL4441552";"";"None";"441.58";"0";"4.20";"2g";"COC(=O)C1CCN(C(=O)c2ccc(CSc3ccc4nc(N)sc4c3)cc2)CC1";"Inhibition";"'>'";"60.0";"%";"";"";"";"UO_0000187";"";"";"";"";"0";"CHEMBL4388232";"Inhibition of Leishmania major pteridine reductase 1 at 50 uM using di-hydrobiopterine as substrate in presence of NADPH relative to control";"B";"BAO_0000357";"single protein format";"Leishmania major";"None";"None";"None";"None";"";"";"";"CHEMBL6194";"Pteridine reductase 1";"Leishmania major";"SINGLE PROTEIN";"CHEMBL4387708";"1";"Scientific Literature";"J Med Chem";"2019";"None";"";"";""
"CHEMBL499789";"";"None";"269.33";"0";"0.88";"A5";"COc1cc(/C=N/NC(N)=S)cc(OC)c1OC";"Inhibition";"'='";"7.53";"%";"";"";"";"UO_0000187";"";"";"";"";"0";"CHEMBL4196419";"Inhibition of Leishmania major PTR1 at 50 uM using H2B as substrate in presence of NADPH by photometric analysis relative to control";"B";"BAO_0000357";"single protein format";"Leishmania major";"None";"None";"None";"None";"";"";"";"CHEMBL6194";"Pteridine reductase 1";"Leishmania major";"SINGLE PROTEIN";"CHEMBL4196006";"1";"Scientific Literature";"Eur J Med Chem";"2018";"None";"";"";""
"CHEMBL4165401";"";"None";"255.35";"0";"2.52";"A10";"NC(=S)N/N=C/c1ccc(-c2ccccc2)cc1";"Inhibition";"'='";"3.57";"%";"";"";"";"UO_0000187";"";"";"";"";"0";"CHEMBL4196419";"Inhibition of Leishmania major PTR1 at 50 uM using H2B as substrate in presence of NADPH by photometric analysis relative to control";"B";"BAO_0000357";"single protein format";"Leishmania major";"None";"None";"None";"None";"";"";"";"CHEMBL6194";"Pteridine reductase 1";"Leishmania major";"SINGLE PROTEIN";"CHEMBL4196006";"1";"Scientific Literature";"Eur J Med Chem";"2018";"None";"";"";""
"CHEMBL2420104";"";"None";"208.29";"0";"0.83";"A28";"C/C(=N\NC(N)=S)c1ccc(N)cc1";"Inhibition";"'='";"2.62";"%";"";"";"";"UO_0000187";"";"";"";"";"0";"CHEMBL4196419";"Inhibition of Leishmania major PTR1 at 50 uM using H2B as substrate in presence of NADPH by photometric analysis relative to control";"B";"BAO_0000357";"single protein format";"Leishmania major";"None";"None";"None";"None";"";"";"";"CHEMBL6194";"Pteridine reductase 1";"Leishmania major";"SINGLE PROTEIN";"CHEMBL4196006";"1";"Scientific Literature";"Eur J Med Chem";"2018";"None";"";"";""
"CHEMBL4452773";"";"None";"327.41";"0";"2.51";"4q";"Nc1nc2ccc(C(=O)N(CCO)Cc3ccccc3)cc2s1";"Inhibition";"'='";"24.1";"%";"";"";"";"UO_0000187";"";"";"";"";"0";"CHEMBL4388232";"Inhibition of Leishmania major pteridine reductase 1 at 50 uM using di-hydrobiopterine as substrate in presence of NADPH relative to control";"B";"BAO_0000357";"single protein format";"Leishmania major";"None";"None";"None";"None";"";"";"";"CHEMBL6194";"Pteridine reductase 1";"Leishmania major";"SINGLE PROTEIN";"CHEMBL4387708";"1";"Scientific Literature";"J Med Chem";"2019";"None";"";"";""
"CHEMBL4566383";"";"None";"425.51";"0";"3.48";"1g";"COC(=O)C1CCN(C(=O)c2ccc(COc3ccc4nc(N)sc4c3)cc2)CC1";"Inhibition";"'>'";"60.0";"%";"";"";"";"UO_0000187";"";"";"";"";"0";"CHEMBL4388232";"Inhibition of Leishmania major pteridine reductase 1 at 50 uM using di-hydrobiopterine as substrate in presence of NADPH relative to control";"B";"BAO_0000357";"single protein format";"Leishmania major";"None";"None";"None";"None";"";"";"";"CHEMBL6194";"Pteridine reductase 1";"Leishmania major";"SINGLE PROTEIN";"CHEMBL4387708";"1";"Scientific Literature";"J Med Chem";"2019";"None";"";"";""
"CHEMBL95463";"";"None";"250.27";"0";"3.49";"2b";"Nc1nc2ccc(SC(F)(F)F)cc2s1";"Inhibition";"'>'";"60.0";"%";"";"";"";"UO_0000187";"";"";"";"";"0";"CHEMBL4388232";"Inhibition of Leishmania major pteridine reductase 1 at 50 uM using di-hydrobiopterine as substrate in presence of NADPH relative to control";"B";"BAO_0000357";"single protein format";"Leishmania major";"None";"None";"None";"None";"";"";"";"CHEMBL6194";"Pteridine reductase 1";"Leishmania major";"SINGLE PROTEIN";"CHEMBL4387708";"1";"Scientific Literature";"J Med Chem";"2019";"None";"";"";""
"CHEMBL4439011";"";"None";"341.29";"1";"5.48";"2d";"Nc1nc2ccc(SCc3ccc(Cl)c(Cl)c3)cc2s1";"Inhibition";"'>'";"60.0";"%";"";"";"";"UO_0000187";"";"";"";"";"0";"CHEMBL4388232";"Inhibition of Leishmania major pteridine reductase 1 at 50 uM using di-hydrobiopterine as substrate in presence of NADPH relative to control";"B";"BAO_0000357";"single protein format";"Leishmania major";"None";"None";"None";"None";"";"";"";"CHEMBL6194";"Pteridine reductase 1";"Leishmania major";"SINGLE PROTEIN";"CHEMBL4387708";"1";"Scientific Literature";"J Med Chem";"2019";"None";"";"";""
"CHEMBL4583705";"";"None";"474.37";"1";"5.44";"5a";"Nc1nc2c(C(=O)N(Cc3ccccc3)Cc3ccc(Cl)c(Cl)c3)cc(O)c(O)c2s1";"Inhibition";"'>'";"60.0";"%";"";"";"";"UO_0000187";"";"";"";"";"0";"CHEMBL4388232";"Inhibition of Leishmania major pteridine reductase 1 at 50 uM using di-hydrobiopterine as substrate in presence of NADPH relative to control";"B";"BAO_0000357";"single protein format";"Leishmania major";"None";"None";"None";"None";"";"";"";"CHEMBL6194";"Pteridine reductase 1";"Leishmania major";"SINGLE PROTEIN";"CHEMBL4387708";"1";"Scientific Literature";"J Med Chem";"2019";"None";"";"";""
"CHEMBL1431583";"";"None";"255.73";"0";"2.40";"20b";"Nc1nnc(CCOc2ccc(Cl)cc2)s1";"Inhibition";"";"";"%";"";"";"Not Active";"UO_0000187";"";"";"";"";"0";"CHEMBL1655390";"Inhibition of Leishmania major PTR1 at 5 uM";"B";"BAO_0000357";"single protein format";"Leishmania major";"None";"None";"None";"None";"";"";"";"CHEMBL6194";"Pteridine reductase 1";"Leishmania major";"SINGLE PROTEIN";"CHEMBL1649070";"1";"Scientific Literature";"J Med Chem";"2011";"None";"";"";""
"CHEMBL1650247";"";"None";"126.13";"0";"0.99";"16a";"Nc1ccc(F)c(N)c1";"Inhibition";"";"";"%";"";"";"Not Active";"UO_0000187";"";"";"";"";"0";"CHEMBL1655379";"Inhibition of Leishmania major PTR1 at 500 uM";"B";"BAO_0000357";"single protein format";"Leishmania major";"None";"None";"None";"None";"";"";"";"CHEMBL6194";"Pteridine reductase 1";"Leishmania major";"SINGLE PROTEIN";"CHEMBL1649070";"1";"Scientific Literature";"J Med Chem";"2011";"None";"";"";""
"CHEMBL1650252";"";"None";"174.20";"0";"1.44";"21a";"CN(C)c1ccc(C=O)cc1C#N";"Inhibition";"";"";"%";"";"";"Not Active";"UO_0000187";"";"";"";"";"0";"CHEMBL1655379";"Inhibition of Leishmania major PTR1 at 500 uM";"B";"BAO_0000357";"single protein format";"Leishmania major";"None";"None";"None";"None";"";"";"";"CHEMBL6194";"Pteridine reductase 1";"Leishmania major";"SINGLE PROTEIN";"CHEMBL1649070";"1";"Scientific Literature";"J Med Chem";"2011";"None";"";"";""
"CHEMBL1650262";"";"None";"151.14";"0";"1.32";"34a";"O=C1Cc2ccc(F)cc2N1";"Inhibition";"";"";"%";"";"";"Not Active";"UO_0000187";"";"";"";"";"0";"CHEMBL1655379";"Inhibition of Leishmania major PTR1 at 500 uM";"B";"BAO_0000357";"single protein format";"Leishmania major";"None";"None";"None";"None";"";"";"";"CHEMBL6194";"Pteridine reductase 1";"Leishmania major";"SINGLE PROTEIN";"CHEMBL1649070";"1";"Scientific Literature";"J Med Chem";"2011";"None";"";"";""
"CHEMBL58146";"QUINOLIN-4-AMINE";"None";"144.18";"0";"1.82";"37a";"Nc1ccnc2ccccc12";"Inhibition";"";"";"%";"";"";"Not Active";"UO_0000187";"";"";"";"";"0";"CHEMBL1655379";"Inhibition of Leishmania major PTR1 at 500 uM";"B";"BAO_0000357";"single protein format";"Leishmania major";"None";"None";"None";"None";"";"";"";"CHEMBL6194";"Pteridine reductase 1";"Leishmania major";"SINGLE PROTEIN";"CHEMBL1649070";"1";"Scientific Literature";"J Med Chem";"2011";"None";"";"";""
"CHEMBL1241133";"";"None";"195.22";"0";"2.48";"44a";"Nc1cccc2c1C(=O)c1ccccc1-2";"Inhibition";"";"";"%";"";"";"Not Active";"UO_0000187";"";"";"";"";"0";"CHEMBL1655379";"Inhibition of Leishmania major PTR1 at 500 uM";"B";"BAO_0000357";"single protein format";"Leishmania major";"None";"None";"None";"None";"";"";"";"CHEMBL6194";"Pteridine reductase 1";"Leishmania major";"SINGLE PROTEIN";"CHEMBL1649070";"1";"Scientific Literature";"J Med Chem";"2011";"None";"";"";""
"CHEMBL1650235";"";"None";"137.19";"0";"0.41";"2a";"N#C/C=C(/N)N1CCCC1";"Inhibition";"";"";"%";"";"";"Not Active";"UO_0000187";"";"";"";"";"0";"CHEMBL1655379";"Inhibition of Leishmania major PTR1 at 500 uM";"B";"BAO_0000357";"single protein format";"Leishmania major";"None";"None";"None";"None";"";"";"";"CHEMBL6194";"Pteridine reductase 1";"Leishmania major";"SINGLE PROTEIN";"CHEMBL1649070";"1";"Scientific Literature";"J Med Chem";"2011";"None";"";"";""
"CHEMBL242104";"";"None";"225.27";"0";"0.57";"A18";"COc1cc(/C=N/NC(N)=S)ccc1O";"Inhibition";"'='";"9.85";"%";"";"";"";"UO_0000187";"";"";"";"";"0";"CHEMBL4196419";"Inhibition of Leishmania major PTR1 at 50 uM using H2B as substrate in presence of NADPH by photometric analysis relative to control";"B";"BAO_0000357";"single protein format";"Leishmania major";"None";"None";"None";"None";"";"";"";"CHEMBL6194";"Pteridine reductase 1";"Leishmania major";"SINGLE PROTEIN";"CHEMBL4196006";"1";"Scientific Literature";"Eur J Med Chem";"2018";"None";"";"";""
"CHEMBL1650289";"";"None";"247.32";"0";"2.33";"23b";"Nc1nnc(CCCC(=O)c2ccccc2)s1";"Inhibition";"";"";"%";"";"";"Not Active";"UO_0000187";"";"";"";"";"0";"CHEMBL1655390";"Inhibition of Leishmania major PTR1 at 5 uM";"B";"BAO_0000357";"single protein format";"Leishmania major";"None";"None";"None";"None";"";"";"";"CHEMBL6194";"Pteridine reductase 1";"Leishmania major";"SINGLE PROTEIN";"CHEMBL1649070";"1";"Scientific Literature";"J Med Chem";"2011";"None";"";"";""
"CHEMBL1650245";"";"None";"179.22";"0";"1.68";"14a";"Nc1ccc(CCCC(=O)O)cc1";"Inhibition";"";"";"%";"";"";"Not Active";"UO_0000187";"";"";"";"";"0";"CHEMBL1655379";"Inhibition of Leishmania major PTR1 at 500 uM";"B";"BAO_0000357";"single protein format";"Leishmania major";"None";"None";"None";"None";"";"";"";"CHEMBL6194";"Pteridine reductase 1";"Leishmania major";"SINGLE PROTEIN";"CHEMBL1649070";"1";"Scientific Literature";"J Med Chem";"2011";"None";"";"";""
"CHEMBL1650253";"";"None";"198.65";"0";"2.64";"22a";"COc1ccc(C(C)=O)cc1CCl";"Inhibition";"";"";"%";"";"";"Not Active";"UO_0000187";"";"";"";"";"0";"CHEMBL1655379";"Inhibition of Leishmania major PTR1 at 500 uM";"B";"BAO_0000357";"single protein format";"Leishmania major";"None";"None";"None";"None";"";"";"";"CHEMBL6194";"Pteridine reductase 1";"Leishmania major";"SINGLE PROTEIN";"CHEMBL1649070";"1";"Scientific Literature";"J Med Chem";"2011";"None";"";"";""
"CHEMBL1650264";"";"None";"185.63";"0";"2.24";"36a";"O=c1[nH]c2c(Cl)cccc2s1";"Inhibition";"";"";"%";"";"";"Not Active";"UO_0000187";"";"";"";"";"0";"CHEMBL1655379";"Inhibition of Leishmania major PTR1 at 500 uM";"B";"BAO_0000357";"single protein format";"Leishmania major";"None";"None";"None";"None";"";"";"";"CHEMBL6194";"Pteridine reductase 1";"Leishmania major";"SINGLE PROTEIN";"CHEMBL1649070";"1";"Scientific Literature";"J Med Chem";"2011";"None";"";"";""
"CHEMBL97990";"";"None";"161.20";"0";"1.81";"46a";"O=C1CCCN1c1ccccc1";"Inhibition";"";"";"%";"";"";"Not Active";"UO_0000187";"";"";"";"";"0";"CHEMBL1655379";"Inhibition of Leishmania major PTR1 at 500 uM";"B";"BAO_0000357";"single protein format";"Leishmania major";"None";"None";"None";"None";"";"";"";"CHEMBL6194";"Pteridine reductase 1";"Leishmania major";"SINGLE PROTEIN";"CHEMBL1649070";"1";"Scientific Literature";"J Med Chem";"2011";"None";"";"";""
"CHEMBL3905744";"";"None";"334.58";"0";"3.13";"2d";"O=C1NC(=O)/C(=C/c2cc(Cl)cc(Br)c2O)S1";"Inhibition";"";"";"%";"";"";"Active";"UO_0000187";"";"";"";"";"0";"CHEMBL3872976";"Noncompetitive inhibition of Leishmania major recombinant N-terminal hexa-His tagged PTR1 catalytic activity expressed in Escherichia coli BL21(DE3) at 25 to 45 uM at pH 4.7 in presence of saturating concentration of biopterin and varying levels of NADPH by double-reciprocal plot analysis";"B";"BAO_0000019";"assay format";"Leishmania major";"None";"None";"None";"None";"";"";"";"CHEMBL6194";"Pteridine reductase 1";"Leishmania major";"SINGLE PROTEIN";"CHEMBL3872217";"1";"Scientific Literature";"Eur J Med Chem";"2016";"None";"";"";""
"CHEMBL3905744";"";"None";"334.58";"0";"3.13";"2d";"O=C1NC(=O)/C(=C/c2cc(Cl)cc(Br)c2O)S1";"Inhibition";"";"";"%";"";"";"";"UO_0000187";"";"";"";"";"0";"CHEMBL3872974";"Competitive inhibition of Leishmania major recombinant N-terminal hexa-His tagged PTR1 catalytic activity expressed in Escherichia coli BL21(DE3) assessed as decrease in thermal shift stabilization at 50 uM at pH 4.7 in presence of varying levels of biopterin and constant NADPH level by SYPRO orange dye based assay";"B";"BAO_0000019";"assay format";"Leishmania major";"None";"None";"None";"None";"";"";"";"CHEMBL6194";"Pteridine reductase 1";"Leishmania major";"SINGLE PROTEIN";"CHEMBL3872217";"1";"Scientific Literature";"Eur J Med Chem";"2016";"None";"";"";""
"CHEMBL1818876";"";"None";"169.21";"0";"0.45";"A8";"NC(=S)N/N=C/c1ccco1";"Inhibition";"'='";"14.76";"%";"";"";"";"UO_0000187";"";"";"";"";"0";"CHEMBL4196419";"Inhibition of Leishmania major PTR1 at 50 uM using H2B as substrate in presence of NADPH by photometric analysis relative to control";"B";"BAO_0000357";"single protein format";"Leishmania major";"None";"None";"None";"None";"";"";"";"CHEMBL6194";"Pteridine reductase 1";"Leishmania major";"SINGLE PROTEIN";"CHEMBL4196006";"1";"Scientific Literature";"Eur J Med Chem";"2018";"None";"";"";""
"CHEMBL4096802";"";"None";"273.38";"0";"2.79";"Z33165";"CC(N(C)Cc1nc2ccccc2c(=O)[nH]1)C(C)(C)C";"Inhibition";"";"";"%";"";"";"Active";"UO_0000187";"";"";"";"";"0";"CHEMBL4026064";"Noncompetitive inhibition of Leishmania major PTR1 at 1 mM in presence of saturating concentration of biopterin and varying levels of NADPH by spectrofluorimetric method";"B";"BAO_0000357";"single protein format";"Leishmania major";"None";"None";"None";"None";"";"";"";"CHEMBL6194";"Pteridine reductase 1";"Leishmania major";"SINGLE PROTEIN";"CHEMBL4024726";"1";"Scientific Literature";"Eur J Med Chem";"2017";"None";"";"";""
"CHEMBL4175082";"";"None";"374.30";"0";"3.24";"21";"CC(=O)Oc1cccc2c1C(=O)c1oc3c(c1C2=O)c(=O)oc1ccccc13";"Inhibition";"'='";"-12.02";"%";"";"Outside typical range";"";"UO_0000187";"";"";"";"";"0";"CHEMBL4135230";"Inhibition of Leishmania major pteridine reductase 1 assessed as reduction in conversion of dihydrobiopterin to tetrahydrobiopterin at 10 uM up to 50 mins in presence of NADPH by cytochrome c reduction coupled photometric assay relative to control";"B";"BAO_0000357";"single protein format";"Leishmania major";"None";"None";"None";"None";"";"";"";"CHEMBL6194";"Pteridine reductase 1";"Leishmania major";"SINGLE PROTEIN";"CHEMBL4130494";"1";"Scientific Literature";"Eur J Med Chem";"2017";"None";"";"";""
"CHEMBL1650286";"";"None";"207.26";"0";"1.20";"18b";"Nc1nnc([C@@H](O)c2ccccc2)s1";"Inhibition";"";"";"%";"";"";"Not Active";"UO_0000187";"";"";"";"";"0";"CHEMBL1655390";"Inhibition of Leishmania major PTR1 at 5 uM";"B";"BAO_0000357";"single protein format";"Leishmania major";"None";"None";"None";"None";"";"";"";"CHEMBL6194";"Pteridine reductase 1";"Leishmania major";"SINGLE PROTEIN";"CHEMBL1649070";"1";"Scientific Literature";"J Med Chem";"2011";"None";"";"";""
"CHEMBL3194855";"";"None";"224.25";"0";"0.76";"A17";"NC(=S)N/N=C/c1ccccc1[N+](=O)[O-]";"Inhibition";"'='";"10.56";"%";"";"";"";"UO_0000187";"";"";"";"";"0";"CHEMBL4196419";"Inhibition of Leishmania major PTR1 at 50 uM using H2B as substrate in presence of NADPH by photometric analysis relative to control";"B";"BAO_0000357";"single protein format";"Leishmania major";"None";"None";"None";"None";"";"";"";"CHEMBL6194";"Pteridine reductase 1";"Leishmania major";"SINGLE PROTEIN";"CHEMBL4196006";"1";"Scientific Literature";"Eur J Med Chem";"2018";"None";"";"";""
"CHEMBL4210257";"";"None";"209.27";"0";"0.95";"A27";"C/C(=N\NC(N)=S)c1ccc(O)cc1";"Inhibition";"'='";"7.77";"%";"";"";"";"UO_0000187";"";"";"";"";"0";"CHEMBL4196419";"Inhibition of Leishmania major PTR1 at 50 uM using H2B as substrate in presence of NADPH by photometric analysis relative to control";"B";"BAO_0000357";"single protein format";"Leishmania major";"None";"None";"None";"None";"";"";"";"CHEMBL6194";"Pteridine reductase 1";"Leishmania major";"SINGLE PROTEIN";"CHEMBL4196006";"1";"Scientific Literature";"Eur J Med Chem";"2018";"None";"";"";""
"CHEMBL1650260";"";"None";"187.20";"0";"2.11";"32a";"CC(=O)n1cc(C=O)c2ccccc21";"Inhibition";"";"";"%";"";"";"Not Active";"UO_0000187";"";"";"";"";"0";"CHEMBL1655379";"Inhibition of Leishmania major PTR1 at 500 uM";"B";"BAO_0000357";"single protein format";"Leishmania major";"None";"None";"None";"None";"";"";"";"CHEMBL6194";"Pteridine reductase 1";"Leishmania major";"SINGLE PROTEIN";"CHEMBL1649070";"1";"Scientific Literature";"J Med Chem";"2011";"None";"";"";""
"CHEMBL91844";"";"None";"258.14";"0";"2.03";"A1";"N/C(S)=N/N=C/c1cccc(Br)c1";"Inhibition";"'='";"18.45";"%";"";"";"";"UO_0000187";"";"";"";"";"0";"CHEMBL4196419";"Inhibition of Leishmania major PTR1 at 50 uM using H2B as substrate in presence of NADPH by photometric analysis relative to control";"B";"BAO_0000357";"single protein format";"Leishmania major";"None";"None";"None";"None";"";"";"";"CHEMBL6194";"Pteridine reductase 1";"Leishmania major";"SINGLE PROTEIN";"CHEMBL4196006";"1";"Scientific Literature";"Eur J Med Chem";"2018";"None";"";"";""
"CHEMBL398205";"";"None";"209.27";"0";"0.86";"A2";"COc1ccccc1/C=N/NC(N)=S";"Inhibition";"'='";"9.19";"%";"";"";"";"UO_0000187";"";"";"";"";"0";"CHEMBL4196419";"Inhibition of Leishmania major PTR1 at 50 uM using H2B as substrate in presence of NADPH by photometric analysis relative to control";"B";"BAO_0000357";"single protein format";"Leishmania major";"None";"None";"None";"None";"";"";"";"CHEMBL6194";"Pteridine reductase 1";"Leishmania major";"SINGLE PROTEIN";"CHEMBL4196006";"1";"Scientific Literature";"Eur J Med Chem";"2018";"None";"";"";""
"CHEMBL4216320";"";"None";"235.34";"0";"2.07";"A25";"NC(=S)N/N=C/c1csc2ccccc12";"Inhibition";"'='";"4.9";"%";"";"";"";"UO_0000187";"";"";"";"";"0";"CHEMBL4196419";"Inhibition of Leishmania major PTR1 at 50 uM using H2B as substrate in presence of NADPH by photometric analysis relative to control";"B";"BAO_0000357";"single protein format";"Leishmania major";"None";"None";"None";"None";"";"";"";"CHEMBL6194";"Pteridine reductase 1";"Leishmania major";"SINGLE PROTEIN";"CHEMBL4196006";"1";"Scientific Literature";"Eur J Med Chem";"2018";"None";"";"";""
"CHEMBL4475811";"";"None";"272.40";"0";"4.17";"2c";"Nc1nc2ccc(SCc3ccccc3)cc2s1";"Inhibition";"'>'";"60.0";"%";"";"";"";"UO_0000187";"";"";"";"";"0";"CHEMBL4388232";"Inhibition of Leishmania major pteridine reductase 1 at 50 uM using di-hydrobiopterine as substrate in presence of NADPH relative to control";"B";"BAO_0000357";"single protein format";"Leishmania major";"None";"None";"None";"None";"";"";"";"CHEMBL6194";"Pteridine reductase 1";"Leishmania major";"SINGLE PROTEIN";"CHEMBL4387708";"1";"Scientific Literature";"J Med Chem";"2019";"None";"";"";""
"CHEMBL243187";"";"None";"211.25";"0";"0.26";"A6";"NC(=S)N/N=C/c1ccc(O)c(O)c1";"Inhibition";"'='";"56.45";"%";"";"";"";"UO_0000187";"";"";"";"";"0";"CHEMBL4196419";"Inhibition of Leishmania major PTR1 at 50 uM using H2B as substrate in presence of NADPH by photometric analysis relative to control";"B";"BAO_0000357";"single protein format";"Leishmania major";"None";"None";"None";"None";"";"";"";"CHEMBL6194";"Pteridine reductase 1";"Leishmania major";"SINGLE PROTEIN";"CHEMBL4196006";"1";"Scientific Literature";"Eur J Med Chem";"2018";"None";"";"";""
"CHEMBL4206286";"";"None";"315.40";"0";"2.54";"A12";"COc1ccc(-c2cccc(/C=N/NC(N)=S)c2)cc1OC";"Inhibition";"'='";"4.76";"%";"";"";"";"UO_0000187";"";"";"";"";"0";"CHEMBL4196419";"Inhibition of Leishmania major PTR1 at 50 uM using H2B as substrate in presence of NADPH by photometric analysis relative to control";"B";"BAO_0000357";"single protein format";"Leishmania major";"None";"None";"None";"None";"";"";"";"CHEMBL6194";"Pteridine reductase 1";"Leishmania major";"SINGLE PROTEIN";"CHEMBL4196006";"1";"Scientific Literature";"Eur J Med Chem";"2018";"None";"";"";""
"CHEMBL4215074";"";"None";"223.25";"1";"-3.12";"A16";"NC(=S)N/N=C/C(O)C(O)C(O)CO";"Inhibition";"'='";"4.38";"%";"";"";"";"UO_0000187";"";"";"";"";"0";"CHEMBL4196419";"Inhibition of Leishmania major PTR1 at 50 uM using H2B as substrate in presence of NADPH by photometric analysis relative to control";"B";"BAO_0000357";"single protein format";"Leishmania major";"None";"None";"None";"None";"";"";"";"CHEMBL6194";"Pteridine reductase 1";"Leishmania major";"SINGLE PROTEIN";"CHEMBL4196006";"1";"Scientific Literature";"Eur J Med Chem";"2018";"None";"";"";""
"CHEMBL4204121";"";"None";"230.30";"0";"1.40";"A23";"NC(=S)N/N=C/c1ccc2ncccc2c1";"Inhibition";"'='";"12.16";"%";"";"";"";"UO_0000187";"";"";"";"";"0";"CHEMBL4196419";"Inhibition of Leishmania major PTR1 at 50 uM using H2B as substrate in presence of NADPH by photometric analysis relative to control";"B";"BAO_0000357";"single protein format";"Leishmania major";"None";"None";"None";"None";"";"";"";"CHEMBL6194";"Pteridine reductase 1";"Leishmania major";"SINGLE PROTEIN";"CHEMBL4196006";"1";"Scientific Literature";"Eur J Med Chem";"2018";"None";"";"";""
"CHEMBL4211350";"";"None";"199.30";"0";"1.22";"A26";"Cc1ccsc1/C=N/NC(N)=S";"Inhibition";"'='";"1.75";"%";"";"";"";"UO_0000187";"";"";"";"";"0";"CHEMBL4196419";"Inhibition of Leishmania major PTR1 at 50 uM using H2B as substrate in presence of NADPH by photometric analysis relative to control";"B";"BAO_0000357";"single protein format";"Leishmania major";"None";"None";"None";"None";"";"";"";"CHEMBL6194";"Pteridine reductase 1";"Leishmania major";"SINGLE PROTEIN";"CHEMBL4196006";"1";"Scientific Literature";"Eur J Med Chem";"2018";"None";"";"";""
"CHEMBL1650271";"";"None";"178.62";"0";"2.53";"50a";"Clc1cccc(-n2ccnc2)c1";"Inhibition";"";"";"%";"";"";"Not Active";"UO_0000187";"";"";"";"";"0";"CHEMBL1655379";"Inhibition of Leishmania major PTR1 at 500 uM";"B";"BAO_0000357";"single protein format";"Leishmania major";"None";"None";"None";"None";"";"";"";"CHEMBL6194";"Pteridine reductase 1";"Leishmania major";"SINGLE PROTEIN";"CHEMBL1649070";"1";"Scientific Literature";"J Med Chem";"2011";"None";"";"";""
"CHEMBL1650280";"";"None";"205.29";"0";"2.40";"12b";"Cc1ccc(-c2nnc(N)s2)cc1C";"Inhibition";"";"";"%";"";"";"Not Active";"UO_0000187";"";"";"";"";"0";"CHEMBL1655390";"Inhibition of Leishmania major PTR1 at 5 uM";"B";"BAO_0000357";"single protein format";"Leishmania major";"None";"None";"None";"None";"";"";"";"CHEMBL6194";"Pteridine reductase 1";"Leishmania major";"SINGLE PROTEIN";"CHEMBL1649070";"1";"Scientific Literature";"J Med Chem";"2011";"None";"";"";""
"CHEMBL4458858";"";"None";"352.25";"0";"4.12";"4d";"Nc1nc2ccc(C(=O)NCc3ccc(Cl)c(Cl)c3)cc2s1";"Inhibition";"'>'";"60.0";"%";"";"";"";"UO_0000187";"";"";"";"";"0";"CHEMBL4388232";"Inhibition of Leishmania major pteridine reductase 1 at 50 uM using di-hydrobiopterine as substrate in presence of NADPH relative to control";"B";"BAO_0000357";"single protein format";"Leishmania major";"None";"None";"None";"None";"";"";"";"CHEMBL6194";"Pteridine reductase 1";"Leishmania major";"SINGLE PROTEIN";"CHEMBL4387708";"1";"Scientific Literature";"J Med Chem";"2019";"None";"";"";""
"CHEMBL4170316";"";"None";"346.29";"0";"3.32";"17";"COc1cccc2c1C(=O)c1oc3c(c1C2=O)c(=O)oc1ccccc13";"Inhibition";"'='";"-3.51";"%";"";"";"";"UO_0000187";"";"";"";"";"0";"CHEMBL4135230";"Inhibition of Leishmania major pteridine reductase 1 assessed as reduction in conversion of dihydrobiopterin to tetrahydrobiopterin at 10 uM up to 50 mins in presence of NADPH by cytochrome c reduction coupled photometric assay relative to control";"B";"BAO_0000357";"single protein format";"Leishmania major";"None";"None";"None";"None";"";"";"";"CHEMBL6194";"Pteridine reductase 1";"Leishmania major";"SINGLE PROTEIN";"CHEMBL4130494";"1";"Scientific Literature";"Eur J Med Chem";"2017";"None";"";"";""
"CHEMBL4562350";"";"None";"405.55";"1";"5.10";"2h";"Nc1nc2ccc(SCc3ccc(C(=O)NCc4ccccc4)cc3)cc2s1";"Inhibition";"'>'";"60.0";"%";"";"";"";"UO_0000187";"";"";"";"";"0";"CHEMBL4388232";"Inhibition of Leishmania major pteridine reductase 1 at 50 uM using di-hydrobiopterine as substrate in presence of NADPH relative to control";"B";"BAO_0000357";"single protein format";"Leishmania major";"None";"None";"None";"None";"";"";"";"CHEMBL6194";"Pteridine reductase 1";"Leishmania major";"SINGLE PROTEIN";"CHEMBL4387708";"1";"Scientific Literature";"J Med Chem";"2019";"None";"";"";""
"CHEMBL4435791";"";"None";"359.45";"0";"4.40";"4l";"Nc1nc2ccc(C(=O)NC(c3ccccc3)c3ccccc3)cc2s1";"Inhibition";"'>'";"60.0";"%";"";"";"";"UO_0000187";"";"";"";"";"0";"CHEMBL4388232";"Inhibition of Leishmania major pteridine reductase 1 at 50 uM using di-hydrobiopterine as substrate in presence of NADPH relative to control";"B";"BAO_0000357";"single protein format";"Leishmania major";"None";"None";"None";"None";"";"";"";"CHEMBL6194";"Pteridine reductase 1";"Leishmania major";"SINGLE PROTEIN";"CHEMBL4387708";"1";"Scientific Literature";"J Med Chem";"2019";"None";"";"";""
"CHEMBL1650462";"";"None";"377.41";"0";"2.50";"25b";"Nc1nnc(-c2cccc(NS(=O)(=O)c3ccc([N+](=O)[O-])cc3)c2)s1";"Inhibition";"";"";"%";"";"";"Not Active";"UO_0000187";"";"";"";"";"0";"CHEMBL1655390";"Inhibition of Leishmania major PTR1 at 5 uM";"B";"BAO_0000357";"single protein format";"Leishmania major";"None";"None";"None";"None";"";"";"";"CHEMBL6194";"Pteridine reductase 1";"Leishmania major";"SINGLE PROTEIN";"CHEMBL1649070";"1";"Scientific Literature";"J Med Chem";"2011";"None";"";"";""
"CHEMBL1650463";"";"None";"283.32";"0";"2.25";"26b";"O=C(Nc1nnc(-c2ccncc2)s1)c1ccncc1";"Inhibition";"";"";"%";"";"";"Not Active";"UO_0000187";"";"";"";"";"0";"CHEMBL1655390";"Inhibition of Leishmania major PTR1 at 5 uM";"B";"BAO_0000357";"single protein format";"Leishmania major";"None";"None";"None";"None";"";"";"";"CHEMBL6194";"Pteridine reductase 1";"Leishmania major";"SINGLE PROTEIN";"CHEMBL1649070";"1";"Scientific Literature";"J Med Chem";"2011";"None";"";"";""
"CHEMBL4207338";"";"None";"239.30";"0";"0.87";"A4";"COc1cccc(OC)c1/C=N/NC(N)=S";"Inhibition";"'='";"4.04";"%";"";"";"";"UO_0000187";"";"";"";"";"0";"CHEMBL4196419";"Inhibition of Leishmania major PTR1 at 50 uM using H2B as substrate in presence of NADPH by photometric analysis relative to control";"B";"BAO_0000357";"single protein format";"Leishmania major";"None";"None";"None";"None";"";"";"";"CHEMBL6194";"Pteridine reductase 1";"Leishmania major";"SINGLE PROTEIN";"CHEMBL4196006";"1";"Scientific Literature";"Eur J Med Chem";"2018";"None";"";"";""
"CHEMBL1529362";"";"None";"177.23";"0";"1.79";"4b";"Nc1nnc(-c2ccccc2)s1";"Inhibition";"";"";"%";"";"";"Not Active";"UO_0000187";"";"";"";"";"0";"CHEMBL1655390";"Inhibition of Leishmania major PTR1 at 5 uM";"B";"BAO_0000357";"single protein format";"Leishmania major";"None";"None";"None";"None";"";"";"";"CHEMBL6194";"Pteridine reductase 1";"Leishmania major";"SINGLE PROTEIN";"CHEMBL1649070";"1";"Scientific Literature";"J Med Chem";"2011";"None";"";"";""
"CHEMBL1650258";"";"None";"147.18";"0";"1.66";"30a";"OCc1ccc2[nH]ccc2c1";"Inhibition";"";"";"%";"";"";"Not Active";"UO_0000187";"";"";"";"";"0";"CHEMBL1655379";"Inhibition of Leishmania major PTR1 at 500 uM";"B";"BAO_0000357";"single protein format";"Leishmania major";"None";"None";"None";"None";"";"";"";"CHEMBL6194";"Pteridine reductase 1";"Leishmania major";"SINGLE PROTEIN";"CHEMBL1649070";"1";"Scientific Literature";"J Med Chem";"2011";"None";"";"";""
"CHEMBL1650267";"";"None";"177.20";"0";"1.33";"42a";"CN1CCOc2cc(C=O)ccc21";"Inhibition";"";"";"%";"";"";"Not Active";"UO_0000187";"";"";"";"";"0";"CHEMBL1655379";"Inhibition of Leishmania major PTR1 at 500 uM";"B";"BAO_0000357";"single protein format";"Leishmania major";"None";"None";"None";"None";"";"";"";"CHEMBL6194";"Pteridine reductase 1";"Leishmania major";"SINGLE PROTEIN";"CHEMBL1649070";"1";"Scientific Literature";"J Med Chem";"2011";"None";"";"";""
"CHEMBL1650283";"";"None";"245.26";"0";"1.89";"15b";"Nc1nnc(-c2cc(=O)c3ccccc3o2)s1";"Inhibition";"";"";"%";"";"";"Not Active";"UO_0000187";"";"";"";"";"0";"CHEMBL1655390";"Inhibition of Leishmania major PTR1 at 5 uM";"B";"BAO_0000357";"single protein format";"Leishmania major";"None";"None";"None";"None";"";"";"";"CHEMBL6194";"Pteridine reductase 1";"Leishmania major";"SINGLE PROTEIN";"CHEMBL1649070";"1";"Scientific Literature";"J Med Chem";"2011";"None";"";"";""
"CHEMBL1650281";"";"None";"205.29";"0";"2.40";"13b";"Cc1cc(C)cc(-c2nnc(N)s2)c1";"Inhibition";"";"";"%";"";"";"Not Active";"UO_0000187";"";"";"";"";"0";"CHEMBL1655390";"Inhibition of Leishmania major PTR1 at 5 uM";"B";"BAO_0000357";"single protein format";"Leishmania major";"None";"None";"None";"None";"";"";"";"CHEMBL6194";"Pteridine reductase 1";"Leishmania major";"SINGLE PROTEIN";"CHEMBL1649070";"1";"Scientific Literature";"J Med Chem";"2011";"None";"";"";""
"CHEMBL1650278";"";"None";"202.24";"0";"1.66";"9b";"N#Cc1ccc(-c2nnc(N)s2)cc1";"Inhibition";"";"";"%";"";"";"Not Active";"UO_0000187";"";"";"";"";"0";"CHEMBL1655390";"Inhibition of Leishmania major PTR1 at 5 uM";"B";"BAO_0000357";"single protein format";"Leishmania major";"None";"None";"None";"None";"";"";"";"CHEMBL6194";"Pteridine reductase 1";"Leishmania major";"SINGLE PROTEIN";"CHEMBL1649070";"1";"Scientific Literature";"J Med Chem";"2011";"None";"";"";""
"CHEMBL1376129";"";"None";"167.19";"0";"1.38";"5b";"Nc1nnc(-c2ccco2)s1";"Inhibition";"";"";"%";"";"";"Not Active";"UO_0000187";"";"";"";"";"0";"CHEMBL1655390";"Inhibition of Leishmania major PTR1 at 5 uM";"B";"BAO_0000357";"single protein format";"Leishmania major";"None";"None";"None";"None";"";"";"";"CHEMBL6194";"Pteridine reductase 1";"Leishmania major";"SINGLE PROTEIN";"CHEMBL1649070";"1";"Scientific Literature";"J Med Chem";"2011";"None";"";"";""
"CHEMBL1650241";"";"None";"136.20";"0";"0.77";"10a";"NCCc1ccc(N)cc1";"Inhibition";"";"";"%";"";"";"Not Active";"UO_0000187";"";"";"";"";"0";"CHEMBL1655379";"Inhibition of Leishmania major PTR1 at 500 uM";"B";"BAO_0000357";"single protein format";"Leishmania major";"None";"None";"None";"None";"";"";"";"CHEMBL6194";"Pteridine reductase 1";"Leishmania major";"SINGLE PROTEIN";"CHEMBL1649070";"1";"Scientific Literature";"J Med Chem";"2011";"None";"";"";""
"CHEMBL1650248";"";"None";"155.58";"0";"1.73";"17a";"Nc1ccc(Cl)cc1C=O";"Inhibition";"";"";"%";"";"";"Not Active";"UO_0000187";"";"";"";"";"0";"CHEMBL1655379";"Inhibition of Leishmania major PTR1 at 500 uM";"B";"BAO_0000357";"single protein format";"Leishmania major";"None";"None";"None";"None";"";"";"";"CHEMBL6194";"Pteridine reductase 1";"Leishmania major";"SINGLE PROTEIN";"CHEMBL1649070";"1";"Scientific Literature";"J Med Chem";"2011";"None";"";"";""
"CHEMBL1650251";"";"None";"138.14";"0";"1.95";"20a";"Cc1ccc(C=O)cc1F";"Inhibition";"";"";"%";"";"";"Not Active";"UO_0000187";"";"";"";"";"0";"CHEMBL1655379";"Inhibition of Leishmania major PTR1 at 500 uM";"B";"BAO_0000357";"single protein format";"Leishmania major";"None";"None";"None";"None";"";"";"";"CHEMBL6194";"Pteridine reductase 1";"Leishmania major";"SINGLE PROTEIN";"CHEMBL1649070";"1";"Scientific Literature";"J Med Chem";"2011";"None";"";"";""
"CHEMBL1650256";"";"None";"161.20";"0";"1.27";"25a";"CN(C)C1=C2C=CC=C2C(=O)C1";"Inhibition";"";"";"%";"";"";"Not Active";"UO_0000187";"";"";"";"";"0";"CHEMBL1655379";"Inhibition of Leishmania major PTR1 at 500 uM";"B";"BAO_0000357";"single protein format";"Leishmania major";"None";"None";"None";"None";"";"";"";"CHEMBL6194";"Pteridine reductase 1";"Leishmania major";"SINGLE PROTEIN";"CHEMBL1649070";"1";"Scientific Literature";"J Med Chem";"2011";"None";"";"";""
"CHEMBL1650261";"";"None";"189.21";"0";"2.00";"33a";"COc1ccc2c(c1)c(C=O)cn2C";"Inhibition";"";"";"%";"";"";"Not Active";"UO_0000187";"";"";"";"";"0";"CHEMBL1655379";"Inhibition of Leishmania major PTR1 at 500 uM";"B";"BAO_0000357";"single protein format";"Leishmania major";"None";"None";"None";"None";"";"";"";"CHEMBL6194";"Pteridine reductase 1";"Leishmania major";"SINGLE PROTEIN";"CHEMBL1649070";"1";"Scientific Literature";"J Med Chem";"2011";"None";"";"";""
"CHEMBL1650273";"";"None";"210.69";"0";"3.05";"52a";"Nc1nc(-c2ccc(Cl)cc2)cs1";"Inhibition";"";"";"%";"";"";"Not Active";"UO_0000187";"";"";"";"";"0";"CHEMBL1655379";"Inhibition of Leishmania major PTR1 at 500 uM";"B";"BAO_0000357";"single protein format";"Leishmania major";"None";"None";"None";"None";"";"";"";"CHEMBL6194";"Pteridine reductase 1";"Leishmania major";"SINGLE PROTEIN";"CHEMBL1649070";"1";"Scientific Literature";"J Med Chem";"2011";"None";"";"";""
"CHEMBL1650234";"";"None";"151.19";"0";"1.82";"1a";"CC(=O)c1ccc(C#N)s1";"Inhibition";"";"";"%";"";"";"Not Active";"UO_0000187";"";"";"";"";"0";"CHEMBL1655379";"Inhibition of Leishmania major PTR1 at 500 uM";"B";"BAO_0000357";"single protein format";"Leishmania major";"None";"None";"None";"None";"";"";"";"CHEMBL6194";"Pteridine reductase 1";"Leishmania major";"SINGLE PROTEIN";"CHEMBL1649070";"1";"Scientific Literature";"J Med Chem";"2011";"None";"";"";""
"CHEMBL1410825";"";"None";"205.29";"0";"1.91";"19b";"Nc1nnc(CCc2ccccc2)s1";"Inhibition";"";"";"%";"";"";"Not Active";"UO_0000187";"";"";"";"";"0";"CHEMBL1655390";"Inhibition of Leishmania major PTR1 at 5 uM";"B";"BAO_0000357";"single protein format";"Leishmania major";"None";"None";"None";"None";"";"";"";"CHEMBL6194";"Pteridine reductase 1";"Leishmania major";"SINGLE PROTEIN";"CHEMBL1649070";"1";"Scientific Literature";"J Med Chem";"2011";"None";"";"";""
"CHEMBL1650461";"";"None";"377.41";"0";"2.50";"24b";"Nc1nnc(-c2cccc(NS(=O)(=O)c3cccc([N+](=O)[O-])c3)c2)s1";"Inhibition";"";"";"%";"";"";"Not Active";"UO_0000187";"";"";"";"";"0";"CHEMBL1655390";"Inhibition of Leishmania major PTR1 at 5 uM";"B";"BAO_0000357";"single protein format";"Leishmania major";"None";"None";"None";"None";"";"";"";"CHEMBL6194";"Pteridine reductase 1";"Leishmania major";"SINGLE PROTEIN";"CHEMBL1649070";"1";"Scientific Literature";"J Med Chem";"2011";"None";"";"";""
"CHEMBL1650287";"";"None";"239.32";"0";"2.00";"21b";"Nc1nnc(CCC(=O)c2cccs2)s1";"Inhibition";"";"";"%";"";"";"Not Active";"UO_0000187";"";"";"";"";"0";"CHEMBL1655390";"Inhibition of Leishmania major PTR1 at 5 uM";"B";"BAO_0000357";"single protein format";"Leishmania major";"None";"None";"None";"None";"";"";"";"CHEMBL6194";"Pteridine reductase 1";"Leishmania major";"SINGLE PROTEIN";"CHEMBL1649070";"1";"Scientific Literature";"J Med Chem";"2011";"None";"";"";""
"CHEMBL1299882";"";"None";"222.23";"0";"1.70";"8b";"Nc1nnc(-c2cccc([N+](=O)[O-])c2)s1";"Inhibition";"";"";"%";"";"";"Not Active";"UO_0000187";"";"";"";"";"0";"CHEMBL1655390";"Inhibition of Leishmania major PTR1 at 5 uM";"B";"BAO_0000357";"single protein format";"Leishmania major";"None";"None";"None";"None";"";"";"";"CHEMBL6194";"Pteridine reductase 1";"Leishmania major";"SINGLE PROTEIN";"CHEMBL1649070";"1";"Scientific Literature";"J Med Chem";"2011";"None";"";"";""
"CHEMBL1587819";"";"None";"178.22";"0";"1.18";"6b";"Nc1nnc(-c2ccncc2)s1";"Inhibition";"";"";"%";"";"";"Not Active";"UO_0000187";"";"";"";"";"0";"CHEMBL1655390";"Inhibition of Leishmania major PTR1 at 5 uM";"B";"BAO_0000357";"single protein format";"Leishmania major";"None";"None";"None";"None";"";"";"";"CHEMBL6194";"Pteridine reductase 1";"Leishmania major";"SINGLE PROTEIN";"CHEMBL1649070";"1";"Scientific Literature";"J Med Chem";"2011";"None";"";"";""
"CHEMBL1650282";"";"None";"218.25";"0";"1.06";"14b";"Nc1nnc(-c2ccc3[nH]nnc3c2)s1";"Inhibition";"";"";"%";"";"";"Not Active";"UO_0000187";"";"";"";"";"0";"CHEMBL1655390";"Inhibition of Leishmania major PTR1 at 5 uM";"B";"BAO_0000357";"single protein format";"Leishmania major";"None";"None";"None";"None";"";"";"";"CHEMBL6194";"Pteridine reductase 1";"Leishmania major";"SINGLE PROTEIN";"CHEMBL1649070";"1";"Scientific Literature";"J Med Chem";"2011";"None";"";"";""
"CHEMBL1650240";"";"None";"152.19";"0";"1.58";"9a";"CCOc1ccc(CO)cc1";"Inhibition";"";"";"%";"";"";"Not Active";"UO_0000187";"";"";"";"";"0";"CHEMBL1655379";"Inhibition of Leishmania major PTR1 at 500 uM";"B";"BAO_0000357";"single protein format";"Leishmania major";"None";"None";"None";"None";"";"";"";"CHEMBL6194";"Pteridine reductase 1";"Leishmania major";"SINGLE PROTEIN";"CHEMBL1649070";"1";"Scientific Literature";"J Med Chem";"2011";"None";"";"";""
"CHEMBL1650277";"";"None";"193.24";"0";"0.76";"7b";"Nc1nnc(-c2cnccc2N)s1";"Inhibition";"";"";"%";"";"";"Not Active";"UO_0000187";"";"";"";"";"0";"CHEMBL1655390";"Inhibition of Leishmania major PTR1 at 5 uM";"B";"BAO_0000357";"single protein format";"Leishmania major";"None";"None";"None";"None";"";"";"";"CHEMBL6194";"Pteridine reductase 1";"Leishmania major";"SINGLE PROTEIN";"CHEMBL1649070";"1";"Scientific Literature";"J Med Chem";"2011";"None";"";"";""
"CHEMBL3933757";"";"None";"255.68";"0";"2.37";"2e";"O=C1NC(=O)/C(=C/c2cc(Cl)ccc2O)S1";"Inhibition";"";"";"%";"";"";"Active";"UO_0000187";"";"";"";"";"0";"CHEMBL3872972";"Inhibition of Leishmania major recombinant N-terminal hexa-His tagged PTR1 catalytic activity expressed in Escherichia coli BL21(DE3) at 50 uM using biopterin as substrate measured for 60 sec in presence of NADPH by UV-visible spectrophotometric method relative to control";"B";"BAO_0000019";"assay format";"Leishmania major";"None";"None";"None";"None";"";"";"";"CHEMBL6194";"Pteridine reductase 1";"Leishmania major";"SINGLE PROTEIN";"CHEMBL3872217";"1";"Scientific Literature";"Eur J Med Chem";"2016";"None";"";"";""
"CHEMBL3905744";"";"None";"334.58";"0";"3.13";"2d";"O=C1NC(=O)/C(=C/c2cc(Cl)cc(Br)c2O)S1";"Inhibition";"";"";"%";"";"";"";"UO_0000187";"";"";"";"";"0";"CHEMBL3872975";"Competitive inhibition of Leishmania major recombinant N-terminal hexa-His tagged PTR1 catalytic activity expressed in Escherichia coli BL21(DE3) at 25 to 45 uM at pH 4.7 in presence of saturating concentration of NADPH and varying levels of biopterin by double reciprocal plot analysis";"B";"BAO_0000019";"assay format";"Leishmania major";"None";"None";"None";"None";"";"";"";"CHEMBL6194";"Pteridine reductase 1";"Leishmania major";"SINGLE PROTEIN";"CHEMBL3872217";"1";"Scientific Literature";"Eur J Med Chem";"2016";"None";"";"";""
"CHEMBL4464690";"";"None";"329.41";"0";"2.72";"3e";"N#Cc1ccc(CS(=O)(=O)c2ccc3nc(N)sc3c2)cc1";"Inhibition";"'='";"55.5";"%";"";"";"";"UO_0000187";"";"";"";"";"0";"CHEMBL4388232";"Inhibition of Leishmania major pteridine reductase 1 at 50 uM using di-hydrobiopterine as substrate in presence of NADPH relative to control";"B";"BAO_0000357";"single protein format";"Leishmania major";"None";"None";"None";"None";"";"";"";"CHEMBL6194";"Pteridine reductase 1";"Leishmania major";"SINGLE PROTEIN";"CHEMBL4387708";"1";"Scientific Literature";"J Med Chem";"2019";"None";"";"";""
"CHEMBL330453";"";"None";"272.38";"0";"2.48";"A24";"CN(C)c1ccc(/C=N/N=C(/N)S)c2ccccc12";"Inhibition";"'='";"5.85";"%";"";"";"";"UO_0000187";"";"";"";"";"0";"CHEMBL4196419";"Inhibition of Leishmania major PTR1 at 50 uM using H2B as substrate in presence of NADPH by photometric analysis relative to control";"B";"BAO_0000357";"single protein format";"Leishmania major";"None";"None";"None";"None";"";"";"";"CHEMBL6194";"Pteridine reductase 1";"Leishmania major";"SINGLE PROTEIN";"CHEMBL4196006";"1";"Scientific Literature";"Eur J Med Chem";"2018";"None";"";"";""
"CHEMBL4163702";"";"None";"374.30";"0";"3.24";"22";"CC(=O)Oc1cccc2c1C(=O)c1c(oc3c1c(=O)oc1ccccc13)C2=O";"Inhibition";"'='";"-18.99";"%";"";"Outside typical range";"";"UO_0000187";"";"";"";"";"0";"CHEMBL4135230";"Inhibition of Leishmania major pteridine reductase 1 assessed as reduction in conversion of dihydrobiopterin to tetrahydrobiopterin at 10 uM up to 50 mins in presence of NADPH by cytochrome c reduction coupled photometric assay relative to control";"B";"BAO_0000357";"single protein format";"Leishmania major";"None";"None";"None";"None";"";"";"";"CHEMBL6194";"Pteridine reductase 1";"Leishmania major";"SINGLE PROTEIN";"CHEMBL4130494";"1";"Scientific Literature";"Eur J Med Chem";"2017";"None";"";"";""
"CHEMBL1650464";"";"None";"337.45";"0";"4.69";"27b";"Cc1ccc(C(=O)Nc2nnc(-c3ccc(C)c(C)c3)s2)cc1C";"Inhibition";"";"";"%";"";"";"Not Active";"UO_0000187";"";"";"";"";"0";"CHEMBL1655390";"Inhibition of Leishmania major PTR1 at 5 uM";"B";"BAO_0000357";"single protein format";"Leishmania major";"None";"None";"None";"None";"";"";"";"CHEMBL6194";"Pteridine reductase 1";"Leishmania major";"SINGLE PROTEIN";"CHEMBL1649070";"1";"Scientific Literature";"J Med Chem";"2011";"None";"";"";""
"CHEMBL1650254";"";"None";"144.12";"0";"1.13";"23a";"Nc1ccc(F)c(F)c1N";"Inhibition";"";"";"%";"";"";"Not Active";"UO_0000187";"";"";"";"";"0";"CHEMBL1655379";"Inhibition of Leishmania major PTR1 at 500 uM";"B";"BAO_0000357";"single protein format";"Leishmania major";"None";"None";"None";"None";"";"";"";"CHEMBL6194";"Pteridine reductase 1";"Leishmania major";"SINGLE PROTEIN";"CHEMBL1649070";"1";"Scientific Literature";"J Med Chem";"2011";"None";"";"";""
"CHEMBL1650279";"";"None";"220.30";"0";"1.29";"11b";"NCCc1ccc(-c2nnc(N)s2)cc1";"Inhibition";"";"";"%";"";"";"Not Active";"UO_0000187";"";"";"";"";"0";"CHEMBL1655390";"Inhibition of Leishmania major PTR1 at 5 uM";"B";"BAO_0000357";"single protein format";"Leishmania major";"None";"None";"None";"None";"";"";"";"CHEMBL6194";"Pteridine reductase 1";"Leishmania major";"SINGLE PROTEIN";"CHEMBL1649070";"1";"Scientific Literature";"J Med Chem";"2011";"None";"";"";""
"CHEMBL1650285";"";"None";"260.28";"0";"0.92";"17b";"Nc1nnc(CN2C(=O)c3ccccc3C2=O)s1";"Inhibition";"";"";"%";"";"";"Not Active";"UO_0000187";"";"";"";"";"0";"CHEMBL1655390";"Inhibition of Leishmania major PTR1 at 5 uM";"B";"BAO_0000357";"single protein format";"Leishmania major";"None";"None";"None";"None";"";"";"";"CHEMBL6194";"Pteridine reductase 1";"Leishmania major";"SINGLE PROTEIN";"CHEMBL1649070";"1";"Scientific Literature";"J Med Chem";"2011";"None";"";"";""
"CHEMBL1333430";"";"None";"221.28";"0";"2.19";"10b";"CCOc1ccc(-c2nnc(N)s2)cc1";"Inhibition";"";"";"%";"";"";"Not Active";"UO_0000187";"";"";"";"";"0";"CHEMBL1655390";"Inhibition of Leishmania major PTR1 at 5 uM";"B";"BAO_0000357";"single protein format";"Leishmania major";"None";"None";"None";"None";"";"";"";"CHEMBL6194";"Pteridine reductase 1";"Leishmania major";"SINGLE PROTEIN";"CHEMBL1649070";"1";"Scientific Literature";"J Med Chem";"2011";"None";"";"";""
"CHEMBL1650276";"";"None";"157.24";"0";"1.63";"3b";"CCC(C)c1nnc(N)s1";"Inhibition";"";"";"%";"";"";"Not Active";"UO_0000187";"";"";"";"";"0";"CHEMBL1655390";"Inhibition of Leishmania major PTR1 at 5 uM";"B";"BAO_0000357";"single protein format";"Leishmania major";"None";"None";"None";"None";"";"";"";"CHEMBL6194";"Pteridine reductase 1";"Leishmania major";"SINGLE PROTEIN";"CHEMBL1649070";"1";"Scientific Literature";"J Med Chem";"2011";"None";"";"";""
"CHEMBL1650275";"";"None";"163.63";"0";"0.90";"2b";"Nc1nnc(CCCl)s1";"Inhibition";"";"";"%";"";"";"Not Determined";"UO_0000187";"";"";"";"";"0";"CHEMBL1655390";"Inhibition of Leishmania major PTR1 at 5 uM";"B";"BAO_0000357";"single protein format";"Leishmania major";"None";"None";"None";"None";"";"";"";"CHEMBL6194";"Pteridine reductase 1";"Leishmania major";"SINGLE PROTEIN";"CHEMBL1649070";"1";"Scientific Literature";"J Med Chem";"2011";"None";"";"";""
"CHEMBL1650239";"";"None";"127.12";"0";"0.51";"7a";"NNc1cccc(F)n1";"Inhibition";"";"";"%";"";"";"Not Active";"UO_0000187";"";"";"";"";"0";"CHEMBL1655379";"Inhibition of Leishmania major PTR1 at 500 uM";"B";"BAO_0000357";"single protein format";"Leishmania major";"None";"None";"None";"None";"";"";"";"CHEMBL6194";"Pteridine reductase 1";"Leishmania major";"SINGLE PROTEIN";"CHEMBL1649070";"1";"Scientific Literature";"J Med Chem";"2011";"None";"";"";""
"CHEMBL404719";"";"None";"136.15";"0";"1.59";"8a";"CC(=O)c1cccc(O)c1";"Inhibition";"";"";"%";"";"";"Not Active";"UO_0000187";"";"";"";"";"0";"CHEMBL1655379";"Inhibition of Leishmania major PTR1 at 500 uM";"B";"BAO_0000357";"single protein format";"Leishmania major";"None";"None";"None";"None";"";"";"";"CHEMBL6194";"Pteridine reductase 1";"Leishmania major";"SINGLE PROTEIN";"CHEMBL1649070";"1";"Scientific Literature";"J Med Chem";"2011";"None";"";"";""
"CHEMBL1650257";"";"None";"148.16";"0";"1.43";"26a";"O=Cc1ccc2c(c1)CCO2";"Inhibition";"";"";"%";"";"";"Not Active";"UO_0000187";"";"";"";"";"0";"CHEMBL1655379";"Inhibition of Leishmania major PTR1 at 500 uM";"B";"BAO_0000357";"single protein format";"Leishmania major";"None";"None";"None";"None";"";"";"";"CHEMBL6194";"Pteridine reductase 1";"Leishmania major";"SINGLE PROTEIN";"CHEMBL1649070";"1";"Scientific Literature";"J Med Chem";"2011";"None";"";"";""
"CHEMBL1229732";"";"None";"161.16";"0";"1.87";"29a";"O=C(O)c1ccc2cc[nH]c2c1";"Inhibition";"";"";"%";"";"";"Not Active";"UO_0000187";"";"";"";"";"0";"CHEMBL1655379";"Inhibition of Leishmania major PTR1 at 500 uM";"B";"BAO_0000357";"single protein format";"Leishmania major";"None";"None";"None";"None";"";"";"";"CHEMBL6194";"Pteridine reductase 1";"Leishmania major";"SINGLE PROTEIN";"CHEMBL1649070";"1";"Scientific Literature";"J Med Chem";"2011";"None";"";"";""
"CHEMBL1650265";"";"None";"160.18";"0";"1.52";"39a";"Nc1cc(O)c2ccccc2n1";"Inhibition";"";"";"%";"";"";"Not Active";"UO_0000187";"";"";"";"";"0";"CHEMBL1655379";"Inhibition of Leishmania major PTR1 at 500 uM";"B";"BAO_0000357";"single protein format";"Leishmania major";"None";"None";"None";"None";"";"";"";"CHEMBL6194";"Pteridine reductase 1";"Leishmania major";"SINGLE PROTEIN";"CHEMBL1649070";"1";"Scientific Literature";"J Med Chem";"2011";"None";"";"";""
"CHEMBL1650266";"";"None";"279.65";"0";"2.13";"41a";"C#CCn1cc(C(=O)O)c(=O)c2cc(F)c(Cl)cc21";"Inhibition";"";"";"%";"";"";"Not Active";"UO_0000187";"";"";"";"";"0";"CHEMBL1655379";"Inhibition of Leishmania major PTR1 at 500 uM";"B";"BAO_0000357";"single protein format";"Leishmania major";"None";"None";"None";"None";"";"";"";"CHEMBL6194";"Pteridine reductase 1";"Leishmania major";"SINGLE PROTEIN";"CHEMBL1649070";"1";"Scientific Literature";"J Med Chem";"2011";"None";"";"";""
"CHEMBL1232399";"";"None";"436.48";"0";"1.22";"1";"COC(=O)C1CCN(C(=O)c2ccc(NCc3cnc4nc(N)nc(N)c4n3)cc2)CC1";"Inhibition";"";"";"%";"";"";"Active";"UO_0000187";"";"";"";"";"0";"CHEMBL2183542";"Inhibition of pteridine reductase in Leishmania major promastigote assessed as reduction in cell survival upon H2O2 exposure at 100 ug/mL after 48 hrs relative to control";"B";"BAO_0000357";"single protein format";"Leishmania major";"None";"None";"None";"None";"";"";"";"CHEMBL6194";"Pteridine reductase 1";"Leishmania major";"SINGLE PROTEIN";"CHEMBL2176920";"1";"Scientific Literature";"J Med Chem";"2012";"None";"";"";""
"CHEMBL2178600";"";"None";"437.46";"1";"0.62";"5b";"COC(=O)C1CCN(C(=O)c2ccc(NCc3cnc4nc(N)nc(N)c4n3)cn2)CC1";"Inhibition";"";"";"%";"";"";"Active";"UO_0000187";"";"";"";"";"0";"CHEMBL2183542";"Inhibition of pteridine reductase in Leishmania major promastigote assessed as reduction in cell survival upon H2O2 exposure at 100 ug/mL after 48 hrs relative to control";"B";"BAO_0000357";"single protein format";"Leishmania major";"None";"None";"None";"None";"";"";"";"CHEMBL6194";"Pteridine reductase 1";"Leishmania major";"SINGLE PROTEIN";"CHEMBL2176920";"1";"Scientific Literature";"J Med Chem";"2012";"None";"";"";""
"CHEMBL242112";"SALICYLALDEHYDE THIOSEMICARBAZONE";"None";"195.25";"0";"0.56";"A19";"NC(=S)N/N=C/c1ccccc1O";"Inhibition";"'='";"7.6";"%";"";"";"";"UO_0000187";"";"";"";"";"0";"CHEMBL4196419";"Inhibition of Leishmania major PTR1 at 50 uM using H2B as substrate in presence of NADPH by photometric analysis relative to control";"B";"BAO_0000357";"single protein format";"Leishmania major";"None";"None";"None";"None";"";"";"";"CHEMBL6194";"Pteridine reductase 1";"Leishmania major";"SINGLE PROTEIN";"CHEMBL4196006";"1";"Scientific Literature";"Eur J Med Chem";"2018";"None";"";"";""
"CHEMBL4579215";"";"None";"341.39";"0";"2.60";"4f";"COC(=O)c1ccc(CNC(=O)c2ccc3nc(N)sc3c2)cc1";"Inhibition";"'>'";"60.0";"%";"";"";"";"UO_0000187";"";"";"";"";"0";"CHEMBL4388232";"Inhibition of Leishmania major pteridine reductase 1 at 50 uM using di-hydrobiopterine as substrate in presence of NADPH relative to control";"B";"BAO_0000357";"single protein format";"Leishmania major";"None";"None";"None";"None";"";"";"";"CHEMBL6194";"Pteridine reductase 1";"Leishmania major";"SINGLE PROTEIN";"CHEMBL4387708";"1";"Scientific Literature";"J Med Chem";"2019";"None";"";"";""
"CHEMBL4528355";"";"None";"336.42";"0";"3.33";"4o";"Nc1nc2ccc(C(=O)NCCc3c[nH]c4ccccc34)cc2s1";"Inhibition";"";"";"%";"";"";"Not Active";"UO_0000187";"";"";"";"";"0";"CHEMBL4388232";"Inhibition of Leishmania major pteridine reductase 1 at 50 uM using di-hydrobiopterine as substrate in presence of NADPH relative to control";"B";"BAO_0000357";"single protein format";"Leishmania major";"None";"None";"None";"None";"";"";"";"CHEMBL6194";"Pteridine reductase 1";"Leishmania major";"SINGLE PROTEIN";"CHEMBL4387708";"1";"Scientific Literature";"J Med Chem";"2019";"None";"";"";""
"CHEMBL4468228";"";"None";"281.34";"0";"3.33";"1e";"N#Cc1ccc(COc2ccc3nc(N)sc3c2)cc1";"Inhibition";"'>'";"60.0";"%";"";"";"";"UO_0000187";"";"";"";"";"0";"CHEMBL4388232";"Inhibition of Leishmania major pteridine reductase 1 at 50 uM using di-hydrobiopterine as substrate in presence of NADPH relative to control";"B";"BAO_0000357";"single protein format";"Leishmania major";"None";"None";"None";"None";"";"";"";"CHEMBL6194";"Pteridine reductase 1";"Leishmania major";"SINGLE PROTEIN";"CHEMBL4387708";"1";"Scientific Literature";"J Med Chem";"2019";"None";"";"";""
"CHEMBL4582026";"";"None";"328.35";"0";"2.72";"4j";"Nc1nc2ccc(C(=O)NCc3ccccc3[N+](=O)[O-])cc2s1";"Inhibition";"'>'";"60.0";"%";"";"";"";"UO_0000187";"";"";"";"";"0";"CHEMBL4388232";"Inhibition of Leishmania major pteridine reductase 1 at 50 uM using di-hydrobiopterine as substrate in presence of NADPH relative to control";"B";"BAO_0000357";"single protein format";"Leishmania major";"None";"None";"None";"None";"";"";"";"CHEMBL6194";"Pteridine reductase 1";"Leishmania major";"SINGLE PROTEIN";"CHEMBL4387708";"1";"Scientific Literature";"J Med Chem";"2019";"None";"";"";""
"CHEMBL4208462";"";"None";"194.26";"0";"0.44";"A21";"NC(=S)N/N=C/c1ccc(N)cc1";"Inhibition";"'='";"3.6";"%";"";"";"";"UO_0000187";"";"";"";"";"0";"CHEMBL4196419";"Inhibition of Leishmania major PTR1 at 50 uM using H2B as substrate in presence of NADPH by photometric analysis relative to control";"B";"BAO_0000357";"single protein format";"Leishmania major";"None";"None";"None";"None";"";"";"";"CHEMBL6194";"Pteridine reductase 1";"Leishmania major";"SINGLE PROTEIN";"CHEMBL4196006";"1";"Scientific Literature";"Eur J Med Chem";"2018";"None";"";"";""
"CHEMBL1276230";"";"None";"205.29";"0";"1.52";"A9";"NC(=S)N/N=C/C=C/c1ccccc1";"Inhibition";"'='";"9.09";"%";"";"";"";"UO_0000187";"";"";"";"";"0";"CHEMBL4196419";"Inhibition of Leishmania major PTR1 at 50 uM using H2B as substrate in presence of NADPH by photometric analysis relative to control";"B";"BAO_0000357";"single protein format";"Leishmania major";"None";"None";"None";"None";"";"";"";"CHEMBL6194";"Pteridine reductase 1";"Leishmania major";"SINGLE PROTEIN";"CHEMBL4196006";"1";"Scientific Literature";"Eur J Med Chem";"2018";"None";"";"";""
"CHEMBL4217990";"";"None";"255.35";"0";"2.52";"A11";"NC(=S)N/N=C/c1cccc(-c2ccccc2)c1";"Inhibition";"'='";"3.5";"%";"";"";"";"UO_0000187";"";"";"";"";"0";"CHEMBL4196419";"Inhibition of Leishmania major PTR1 at 50 uM using H2B as substrate in presence of NADPH by photometric analysis relative to control";"B";"BAO_0000357";"single protein format";"Leishmania major";"None";"None";"None";"None";"";"";"";"CHEMBL6194";"Pteridine reductase 1";"Leishmania major";"SINGLE PROTEIN";"CHEMBL4196006";"1";"Scientific Literature";"Eur J Med Chem";"2018";"None";"";"";""
"CHEMBL4203577";"";"None";"225.34";"0";"1.58";"A22";"CSc1ccc(/C=N/NC(N)=S)cc1";"Inhibition";"'='";"11.21";"%";"";"";"";"UO_0000187";"";"";"";"";"0";"CHEMBL4196419";"Inhibition of Leishmania major PTR1 at 50 uM using H2B as substrate in presence of NADPH by photometric analysis relative to control";"B";"BAO_0000357";"single protein format";"Leishmania major";"None";"None";"None";"None";"";"";"";"CHEMBL6194";"Pteridine reductase 1";"Leishmania major";"SINGLE PROTEIN";"CHEMBL4196006";"1";"Scientific Literature";"Eur J Med Chem";"2018";"None";"";"";""
"CHEMBL4465714";"";"None";"325.22";"0";"4.76";"1d";"Nc1nc2ccc(OCc3ccc(Cl)c(Cl)c3)cc2s1";"Inhibition";"";"";"%";"";"";"Not Active";"UO_0000187";"";"";"";"";"0";"CHEMBL4388232";"Inhibition of Leishmania major pteridine reductase 1 at 50 uM using di-hydrobiopterine as substrate in presence of NADPH relative to control";"B";"BAO_0000357";"single protein format";"Leishmania major";"None";"None";"None";"None";"";"";"";"CHEMBL6194";"Pteridine reductase 1";"Leishmania major";"SINGLE PROTEIN";"CHEMBL4387708";"1";"Scientific Literature";"J Med Chem";"2019";"None";"";"";""
"CHEMBL4561783";"";"None";"308.37";"0";"2.68";"4e";"N#Cc1ccc(CNC(=O)c2ccc3nc(N)sc3c2)cc1";"Inhibition";"'>'";"60.0";"%";"";"";"";"UO_0000187";"";"";"";"";"0";"CHEMBL4388232";"Inhibition of Leishmania major pteridine reductase 1 at 50 uM using di-hydrobiopterine as substrate in presence of NADPH relative to control";"B";"BAO_0000357";"single protein format";"Leishmania major";"None";"None";"None";"None";"";"";"";"CHEMBL6194";"Pteridine reductase 1";"Leishmania major";"SINGLE PROTEIN";"CHEMBL4387708";"1";"Scientific Literature";"J Med Chem";"2019";"None";"";"";""
"CHEMBL4456198";"";"None";"315.35";"0";"2.22";"5c";"Nc1nc2c(C(=O)NCc3ccccc3)cc(O)c(O)c2s1";"Inhibition";"'>'";"60.0";"%";"";"";"";"UO_0000187";"";"";"";"";"0";"CHEMBL4388232";"Inhibition of Leishmania major pteridine reductase 1 at 50 uM using di-hydrobiopterine as substrate in presence of NADPH relative to control";"B";"BAO_0000357";"single protein format";"Leishmania major";"None";"None";"None";"None";"";"";"";"CHEMBL6194";"Pteridine reductase 1";"Leishmania major";"SINGLE PROTEIN";"CHEMBL4387708";"1";"Scientific Literature";"J Med Chem";"2019";"None";"";"";""
"CHEMBL4554726";"";"None";"373.43";"0";"2.83";"4i";"COc1cc(CNC(=O)c2ccc3nc(N)sc3c2)cc(OC)c1OC";"Inhibition";"'='";"67.1";"%";"";"";"";"UO_0000187";"";"";"";"";"0";"CHEMBL4388232";"Inhibition of Leishmania major pteridine reductase 1 at 50 uM using di-hydrobiopterine as substrate in presence of NADPH relative to control";"B";"BAO_0000357";"single protein format";"Leishmania major";"None";"None";"None";"None";"";"";"";"CHEMBL6194";"Pteridine reductase 1";"Leishmania major";"SINGLE PROTEIN";"CHEMBL4387708";"1";"Scientific Literature";"J Med Chem";"2019";"None";"";"";""
"CHEMBL4592124";"";"None";"196.30";"0";"2.60";"2a";"CSc1ccc2nc(N)sc2c1";"Inhibition";"'='";"26.9";"%";"";"";"";"UO_0000187";"";"";"";"";"0";"CHEMBL4388232";"Inhibition of Leishmania major pteridine reductase 1 at 50 uM using di-hydrobiopterine as substrate in presence of NADPH relative to control";"B";"BAO_0000357";"single protein format";"Leishmania major";"None";"None";"None";"None";"";"";"";"CHEMBL6194";"Pteridine reductase 1";"Leishmania major";"SINGLE PROTEIN";"CHEMBL4387708";"1";"Scientific Literature";"J Med Chem";"2019";"None";"";"";""
"CHEMBL4554707";"";"None";"303.41";"0";"2.91";"4n";"Nc1nc2ccc(C(=O)NCCc3cccs3)cc2s1";"Inhibition";"'='";"18.3";"%";"";"";"";"UO_0000187";"";"";"";"";"0";"CHEMBL4388232";"Inhibition of Leishmania major pteridine reductase 1 at 50 uM using di-hydrobiopterine as substrate in presence of NADPH relative to control";"B";"BAO_0000357";"single protein format";"Leishmania major";"None";"None";"None";"None";"";"";"";"CHEMBL6194";"Pteridine reductase 1";"Leishmania major";"SINGLE PROTEIN";"CHEMBL4387708";"1";"Scientific Literature";"J Med Chem";"2019";"None";"";"";""
"CHEMBL4210646";"";"None";"354.26";"0";"3.74";"A14";"NC(=S)N/N=C/c1ccc(OCc2ccc(Cl)c(Cl)c2)cc1";"Inhibition";"'='";"0.59";"%";"";"";"";"UO_0000187";"";"";"";"";"0";"CHEMBL4196419";"Inhibition of Leishmania major PTR1 at 50 uM using H2B as substrate in presence of NADPH by photometric analysis relative to control";"B";"BAO_0000357";"single protein format";"Leishmania major";"None";"None";"None";"None";"";"";"";"CHEMBL6194";"Pteridine reductase 1";"Leishmania major";"SINGLE PROTEIN";"CHEMBL4196006";"1";"Scientific Literature";"Eur J Med Chem";"2018";"None";"";"";""
"CHEMBL4564287";"";"None";"297.41";"0";"4.04";"2e";"N#Cc1ccc(CSc2ccc3nc(N)sc3c2)cc1";"Inhibition";"'>'";"60.0";"%";"";"";"";"UO_0000187";"";"";"";"";"0";"CHEMBL4388232";"Inhibition of Leishmania major pteridine reductase 1 at 50 uM using di-hydrobiopterine as substrate in presence of NADPH relative to control";"B";"BAO_0000357";"single protein format";"Leishmania major";"None";"None";"None";"None";"";"";"";"CHEMBL6194";"Pteridine reductase 1";"Leishmania major";"SINGLE PROTEIN";"CHEMBL4387708";"1";"Scientific Literature";"J Med Chem";"2019";"None";"";"";""
"CHEMBL4581650";"";"None";"416.51";"0";"3.74";"4h";"Nc1nc2ccc(C(=O)NCc3ccc(C(=O)NCc4ccccc4)cc3)cc2s1";"Inhibition";"'>'";"60.0";"%";"";"";"";"UO_0000187";"";"";"";"";"0";"CHEMBL4388232";"Inhibition of Leishmania major pteridine reductase 1 at 50 uM using di-hydrobiopterine as substrate in presence of NADPH relative to control";"B";"BAO_0000357";"single protein format";"Leishmania major";"None";"None";"None";"None";"";"";"";"CHEMBL6194";"Pteridine reductase 1";"Leishmania major";"SINGLE PROTEIN";"CHEMBL4387708";"1";"Scientific Literature";"J Med Chem";"2019";"None";"";"";""
"CHEMBL4453795";"";"None";"384.24";"0";"3.53";"5b";"Nc1nc2c(C(=O)NCc3ccc(Cl)c(Cl)c3)cc(O)c(O)c2s1";"Inhibition";"'>'";"60.0";"%";"";"";"";"UO_0000187";"";"";"";"";"0";"CHEMBL4388232";"Inhibition of Leishmania major pteridine reductase 1 at 50 uM using di-hydrobiopterine as substrate in presence of NADPH relative to control";"B";"BAO_0000357";"single protein format";"Leishmania major";"None";"None";"None";"None";"";"";"";"CHEMBL6194";"Pteridine reductase 1";"Leishmania major";"SINGLE PROTEIN";"CHEMBL4387708";"1";"Scientific Literature";"J Med Chem";"2019";"None";"";"";""
"CHEMBL1650284";"";"None";"213.22";"0";"-1.13";"16b";"Nc1nnc(CC2NC(=O)NC2=O)s1";"Inhibition";"";"";"%";"";"";"Not Active";"UO_0000187";"";"";"";"";"0";"CHEMBL1655390";"Inhibition of Leishmania major PTR1 at 5 uM";"B";"BAO_0000357";"single protein format";"Leishmania major";"None";"None";"None";"None";"";"";"";"CHEMBL6194";"Pteridine reductase 1";"Leishmania major";"SINGLE PROTEIN";"CHEMBL1649070";"1";"Scientific Literature";"J Med Chem";"2011";"None";"";"";""
"CHEMBL4160332";"";"None";"332.27";"0";"3.02";"20";"O=C1c2cccc(O)c2C(=O)c2c1oc1c2c(=O)oc2ccccc21";"Inhibition";"'='";"-5.5";"%";"";"";"";"UO_0000187";"";"";"";"";"0";"CHEMBL4135230";"Inhibition of Leishmania major pteridine reductase 1 assessed as reduction in conversion of dihydrobiopterin to tetrahydrobiopterin at 10 uM up to 50 mins in presence of NADPH by cytochrome c reduction coupled photometric assay relative to control";"B";"BAO_0000357";"single protein format";"Leishmania major";"None";"None";"None";"None";"";"";"";"CHEMBL6194";"Pteridine reductase 1";"Leishmania major";"SINGLE PROTEIN";"CHEMBL4130494";"1";"Scientific Literature";"Eur J Med Chem";"2017";"None";"";"";""
"CHEMBL1650238";"";"None";"174.29";"0";"2.35";"5a";"Cc1nnsc1SC(C)C";"Inhibition";"";"";"%";"";"";"Not Active";"UO_0000187";"";"";"";"";"0";"CHEMBL1655379";"Inhibition of Leishmania major PTR1 at 500 uM";"B";"BAO_0000357";"single protein format";"Leishmania major";"None";"None";"None";"None";"";"";"";"CHEMBL6194";"Pteridine reductase 1";"Leishmania major";"SINGLE PROTEIN";"CHEMBL1649070";"1";"Scientific Literature";"J Med Chem";"2011";"None";"";"";""
"CHEMBL1650259";"";"None";"175.19";"0";"1.88";"31a";"Cn1cc(C(=O)O)c2ccccc21";"Inhibition";"";"";"%";"";"";"Not Active";"UO_0000187";"";"";"";"";"0";"CHEMBL1655379";"Inhibition of Leishmania major PTR1 at 500 uM";"B";"BAO_0000357";"single protein format";"Leishmania major";"None";"None";"None";"None";"";"";"";"CHEMBL6194";"Pteridine reductase 1";"Leishmania major";"SINGLE PROTEIN";"CHEMBL1649070";"1";"Scientific Literature";"J Med Chem";"2011";"None";"";"";""
"CHEMBL97797";"";"None";"180.23";"0";"1.89";"1a";"COc1ccc2nc(N)sc2c1";"Inhibition";"'='";"15.2";"%";"";"";"";"UO_0000187";"";"";"";"";"0";"CHEMBL4388232";"Inhibition of Leishmania major pteridine reductase 1 at 50 uM using di-hydrobiopterine as substrate in presence of NADPH relative to control";"B";"BAO_0000357";"single protein format";"Leishmania major";"None";"None";"None";"None";"";"";"";"CHEMBL6194";"Pteridine reductase 1";"Leishmania major";"SINGLE PROTEIN";"CHEMBL4387708";"1";"Scientific Literature";"J Med Chem";"2019";"None";"";"";""
"CHEMBL4549839";"";"None";"368.25";"0";"3.82";"4t";"Nc1nc2c(O)cc(C(=O)NCc3ccc(Cl)c(Cl)c3)cc2s1";"Inhibition";"'='";"8.7";"%";"";"";"";"UO_0000187";"";"";"";"";"0";"CHEMBL4388232";"Inhibition of Leishmania major pteridine reductase 1 at 50 uM using di-hydrobiopterine as substrate in presence of NADPH relative to control";"B";"BAO_0000357";"single protein format";"Leishmania major";"None";"None";"None";"None";"";"";"";"CHEMBL6194";"Pteridine reductase 1";"Leishmania major";"SINGLE PROTEIN";"CHEMBL4387708";"1";"Scientific Literature";"J Med Chem";"2019";"None";"";"";""
"CHEMBL744";"RILUZOLE";"4.0";"234.20";"0";"2.78";"1b";"Nc1nc2ccc(OC(F)(F)F)cc2s1";"Inhibition";"'>'";"60.0";"%";"";"";"";"UO_0000187";"";"";"";"";"0";"CHEMBL4388232";"Inhibition of Leishmania major pteridine reductase 1 at 50 uM using di-hydrobiopterine as substrate in presence of NADPH relative to control";"B";"BAO_0000357";"single protein format";"Leishmania major";"None";"None";"None";"None";"";"";"";"CHEMBL6194";"Pteridine reductase 1";"Leishmania major";"SINGLE PROTEIN";"CHEMBL4387708";"1";"Scientific Literature";"J Med Chem";"2019";"None";"";"";""
"CHEMBL3905744";"";"None";"334.58";"0";"3.13";"2d";"O=C1NC(=O)/C(=C/c2cc(Cl)cc(Br)c2O)S1";"Inhibition";"";"";"%";"";"";"Active";"UO_0000187";"";"";"";"";"0";"CHEMBL3872972";"Inhibition of Leishmania major recombinant N-terminal hexa-His tagged PTR1 catalytic activity expressed in Escherichia coli BL21(DE3) at 50 uM using biopterin as substrate measured for 60 sec in presence of NADPH by UV-visible spectrophotometric method relative to control";"B";"BAO_0000019";"assay format";"Leishmania major";"None";"None";"None";"None";"";"";"";"CHEMBL6194";"Pteridine reductase 1";"Leishmania major";"SINGLE PROTEIN";"CHEMBL3872217";"1";"Scientific Literature";"Eur J Med Chem";"2016";"None";"";"";""
"CHEMBL4205778";"";"None";"299.36";"0";"2.25";"A13";"NC(=S)N/N=C/c1cccc(-c2ccc3c(c2)OCO3)c1";"Inhibition";"'='";"0.33";"%";"";"";"";"UO_0000187";"";"";"";"";"0";"CHEMBL4196419";"Inhibition of Leishmania major PTR1 at 50 uM using H2B as substrate in presence of NADPH by photometric analysis relative to control";"B";"BAO_0000357";"single protein format";"Leishmania major";"None";"None";"None";"None";"";"";"";"CHEMBL6194";"Pteridine reductase 1";"Leishmania major";"SINGLE PROTEIN";"CHEMBL4196006";"1";"Scientific Literature";"Eur J Med Chem";"2018";"None";"";"";""
"CHEMBL1650288";"";"None";"267.74";"0";"2.59";"22b";"Nc1nnc(CCC(=O)c2ccc(Cl)cc2)s1";"Inhibition";"";"";"%";"";"";"Not Active";"UO_0000187";"";"";"";"";"0";"CHEMBL1655390";"Inhibition of Leishmania major PTR1 at 5 uM";"B";"BAO_0000357";"single protein format";"Leishmania major";"None";"None";"None";"None";"";"";"";"CHEMBL6194";"Pteridine reductase 1";"Leishmania major";"SINGLE PROTEIN";"CHEMBL1649070";"1";"Scientific Literature";"J Med Chem";"2011";"None";"";"";""
"CHEMBL1650466";"";"None";"447.43";"0";"1.57";"29b";"O=C(CN1C(=O)c2ccccc2C1=O)Nc1nnc(CN2C(=O)c3ccccc3C2=O)s1";"Inhibition";"";"";"%";"";"";"Not Active";"UO_0000187";"";"";"";"";"0";"CHEMBL1655390";"Inhibition of Leishmania major PTR1 at 5 uM";"B";"BAO_0000357";"single protein format";"Leishmania major";"None";"None";"None";"None";"";"";"";"CHEMBL6194";"Pteridine reductase 1";"Leishmania major";"SINGLE PROTEIN";"CHEMBL1649070";"1";"Scientific Literature";"J Med Chem";"2011";"None";"";"";""
"CHEMBL1650244";"";"None";"148.21";"0";"1.68";"13a";"C/C(=N\N)c1ccc(C)cc1";"Inhibition";"";"";"%";"";"";"Not Active";"UO_0000187";"";"";"";"";"0";"CHEMBL1655379";"Inhibition of Leishmania major PTR1 at 500 uM";"B";"BAO_0000357";"single protein format";"Leishmania major";"None";"None";"None";"None";"";"";"";"CHEMBL6194";"Pteridine reductase 1";"Leishmania major";"SINGLE PROTEIN";"CHEMBL1649070";"1";"Scientific Literature";"J Med Chem";"2011";"None";"";"";""
"CHEMBL1650246";"";"None";"238.20";"0";"0.80";"15a";"O=C(O)CCNC(=O)c1ccc([N+](=O)[O-])cc1";"Inhibition";"";"";"%";"";"";"Not Active";"UO_0000187";"";"";"";"";"0";"CHEMBL1655379";"Inhibition of Leishmania major PTR1 at 500 uM";"B";"BAO_0000357";"single protein format";"Leishmania major";"None";"None";"None";"None";"";"";"";"CHEMBL6194";"Pteridine reductase 1";"Leishmania major";"SINGLE PROTEIN";"CHEMBL1649070";"1";"Scientific Literature";"J Med Chem";"2011";"None";"";"";""
"CHEMBL1650250";"";"None";"127.12";"0";"1.11";"19a";"Nc1cc(F)ccc1O";"Inhibition";"";"";"%";"";"";"Not Active";"UO_0000187";"";"";"";"";"0";"CHEMBL1655379";"Inhibition of Leishmania major PTR1 at 500 uM";"B";"BAO_0000357";"single protein format";"Leishmania major";"None";"None";"None";"None";"";"";"";"CHEMBL6194";"Pteridine reductase 1";"Leishmania major";"SINGLE PROTEIN";"CHEMBL1649070";"1";"Scientific Literature";"J Med Chem";"2011";"None";"";"";""
"CHEMBL1650255";"";"None";"192.21";"0";"1.94";"24a";"C=CCc1cc(OC)c(O)cc1C=O";"Inhibition";"";"";"%";"";"";"Not Active";"UO_0000187";"";"";"";"";"0";"CHEMBL1655379";"Inhibition of Leishmania major PTR1 at 500 uM";"B";"BAO_0000357";"single protein format";"Leishmania major";"None";"None";"None";"None";"";"";"";"CHEMBL6194";"Pteridine reductase 1";"Leishmania major";"SINGLE PROTEIN";"CHEMBL1649070";"1";"Scientific Literature";"J Med Chem";"2011";"None";"";"";""
"CHEMBL1650268";"PHTHALAZINE";"None";"130.15";"0";"1.63";"43a";"c1ccc2cnncc2c1";"Inhibition";"";"";"%";"";"";"Not Active";"UO_0000187";"";"";"";"";"0";"CHEMBL1655379";"Inhibition of Leishmania major PTR1 at 500 uM";"B";"BAO_0000357";"single protein format";"Leishmania major";"None";"None";"None";"None";"";"";"";"CHEMBL6194";"Pteridine reductase 1";"Leishmania major";"SINGLE PROTEIN";"CHEMBL1649070";"1";"Scientific Literature";"J Med Chem";"2011";"None";"";"";""
"CHEMBL4096802";"";"None";"273.38";"0";"2.79";"Z33165";"CC(N(C)Cc1nc2ccccc2c(=O)[nH]1)C(C)(C)C";"Inhibition";"";"";"%";"";"";"Active";"UO_0000187";"";"";"";"";"0";"CHEMBL4026065";"Noncompetitive inhibition of Leishmania major PTR1 at 1 mM in presence of varying levels of biopterin and constant NADPH level by spectrofluorimetric method";"B";"BAO_0000357";"single protein format";"Leishmania major";"None";"None";"None";"None";"";"";"";"CHEMBL6194";"Pteridine reductase 1";"Leishmania major";"SINGLE PROTEIN";"CHEMBL4024726";"1";"Scientific Literature";"Eur J Med Chem";"2017";"None";"";"";""
"CHEMBL242113";"";"None";"195.25";"0";"0.56";"A15";"NC(=S)N/N=C/c1ccc(O)cc1";"Inhibition";"'='";"18.16";"%";"";"";"";"UO_0000187";"";"";"";"";"0";"CHEMBL4196419";"Inhibition of Leishmania major PTR1 at 50 uM using H2B as substrate in presence of NADPH by photometric analysis relative to control";"B";"BAO_0000357";"single protein format";"Leishmania major";"None";"None";"None";"None";"";"";"";"CHEMBL6194";"Pteridine reductase 1";"Leishmania major";"SINGLE PROTEIN";"CHEMBL4196006";"1";"Scientific Literature";"Eur J Med Chem";"2018";"None";"";"";""
"CHEMBL4545398";"";"None";"319.39";"0";"1.90";"4m";"COC(=O)C1CCN(C(=O)c2ccc3nc(N)sc3c2)CC1";"Inhibition";"'='";"23.3";"%";"";"";"";"UO_0000187";"";"";"";"";"0";"CHEMBL4388232";"Inhibition of Leishmania major pteridine reductase 1 at 50 uM using di-hydrobiopterine as substrate in presence of NADPH relative to control";"B";"BAO_0000357";"single protein format";"Leishmania major";"None";"None";"None";"None";"";"";"";"CHEMBL6194";"Pteridine reductase 1";"Leishmania major";"SINGLE PROTEIN";"CHEMBL4387708";"1";"Scientific Literature";"J Med Chem";"2019";"None";"";"";""
"CHEMBL4444333";"";"None";"442.37";"1";"6.03";"4p";"Nc1nc2ccc(C(=O)N(Cc3ccccc3)Cc3ccc(Cl)c(Cl)c3)cc2s1";"Inhibition";"";"";"%";"";"";"Not Active";"UO_0000187";"";"";"";"";"0";"CHEMBL4388232";"Inhibition of Leishmania major pteridine reductase 1 at 50 uM using di-hydrobiopterine as substrate in presence of NADPH relative to control";"B";"BAO_0000357";"single protein format";"Leishmania major";"None";"None";"None";"None";"";"";"";"CHEMBL6194";"Pteridine reductase 1";"Leishmania major";"SINGLE PROTEIN";"CHEMBL4387708";"1";"Scientific Literature";"J Med Chem";"2019";"None";"";"";""
"CHEMBL4452155";"";"None";"452.54";"0";"2.83";"4g";"COC(=O)C1CCN(C(=O)c2ccc(CNC(=O)c3ccc4nc(N)sc4c3)cc2)CC1";"Inhibition";"'='";"1.97";"%";"";"";"";"UO_0000187";"";"";"";"";"0";"CHEMBL4388232";"Inhibition of Leishmania major pteridine reductase 1 at 50 uM using di-hydrobiopterine as substrate in presence of NADPH relative to control";"B";"BAO_0000357";"single protein format";"Leishmania major";"None";"None";"None";"None";"";"";"";"CHEMBL6194";"Pteridine reductase 1";"Leishmania major";"SINGLE PROTEIN";"CHEMBL4387708";"1";"Scientific Literature";"J Med Chem";"2019";"None";"";"";""
"CHEMBL4166917";"";"None";"316.27";"0";"3.31";"15";"O=C1c2ccccc2C(=O)c2c1oc1c2c(=O)oc2ccccc21";"Inhibition";"'='";"-0.4";"%";"";"";"";"UO_0000187";"";"";"";"";"0";"CHEMBL4135229";"Inhibition of Leishmania major pteridine reductase 1 assessed as reduction in conversion of dihydrobiopterin to tetrahydrobiopterin at 25 uM up to 50 mins in presence of NADPH by cytochrome c reduction coupled photometric assay relative to control";"B";"BAO_0000357";"single protein format";"Leishmania major";"None";"None";"None";"None";"";"";"";"CHEMBL6194";"Pteridine reductase 1";"Leishmania major";"SINGLE PROTEIN";"CHEMBL4130494";"1";"Scientific Literature";"Eur J Med Chem";"2017";"None";"";"";""
"CHEMBL4162394";"";"None";"366.33";"0";"4.47";"16";"O=C1c2cc3ccccc3cc2C(=O)c2c1oc1c2c(=O)oc2ccccc21";"Inhibition";"'='";"5.16";"%";"";"";"";"UO_0000187";"";"";"";"";"0";"CHEMBL4135230";"Inhibition of Leishmania major pteridine reductase 1 assessed as reduction in conversion of dihydrobiopterin to tetrahydrobiopterin at 10 uM up to 50 mins in presence of NADPH by cytochrome c reduction coupled photometric assay relative to control";"B";"BAO_0000357";"single protein format";"Leishmania major";"None";"None";"None";"None";"";"";"";"CHEMBL6194";"Pteridine reductase 1";"Leishmania major";"SINGLE PROTEIN";"CHEMBL4130494";"1";"Scientific Literature";"Eur J Med Chem";"2017";"None";"";"";""
"CHEMBL4160100";"";"None";"332.27";"0";"3.02";"19";"O=C1c2oc3c(c2C(=O)c2cccc(O)c21)c(=O)oc1ccccc13";"Inhibition";"'='";"28.05";"%";"";"";"";"UO_0000187";"";"";"";"";"0";"CHEMBL4135231";"Inhibition of Leishmania major pteridine reductase 1 assessed as reduction in conversion of dihydrobiopterin to tetrahydrobiopterin at 20 uM up to 50 mins in presence of NADPH by cytochrome c reduction coupled photometric assay relative to control";"B";"BAO_0000357";"single protein format";"Leishmania major";"None";"None";"None";"None";"";"";"";"CHEMBL6194";"Pteridine reductase 1";"Leishmania major";"SINGLE PROTEIN";"CHEMBL4130494";"1";"Scientific Literature";"Eur J Med Chem";"2017";"None";"";"";""
"CHEMBL4577695";"";"None";"330.43";"0";"3.96";"2f";"COC(=O)c1ccc(CSc2ccc3nc(N)sc3c2)cc1";"Inhibition";"'>'";"60.0";"%";"";"";"";"UO_0000187";"";"";"";"";"0";"CHEMBL4388232";"Inhibition of Leishmania major pteridine reductase 1 at 50 uM using di-hydrobiopterine as substrate in presence of NADPH relative to control";"B";"BAO_0000357";"single protein format";"Leishmania major";"None";"None";"None";"None";"";"";"";"CHEMBL6194";"Pteridine reductase 1";"Leishmania major";"SINGLE PROTEIN";"CHEMBL4387708";"1";"Scientific Literature";"J Med Chem";"2019";"None";"";"";""
"CHEMBL4476655";"";"None";"473.58";"0";"2.88";"3g";"COC(=O)C1CCN(C(=O)c2ccc(CS(=O)(=O)c3ccc4nc(N)sc4c3)cc2)CC1";"Inhibition";"'>'";"60.0";"%";"";"";"";"UO_0000187";"";"";"";"";"0";"CHEMBL4388232";"Inhibition of Leishmania major pteridine reductase 1 at 50 uM using di-hydrobiopterine as substrate in presence of NADPH relative to control";"B";"BAO_0000357";"single protein format";"Leishmania major";"None";"None";"None";"None";"";"";"";"CHEMBL6194";"Pteridine reductase 1";"Leishmania major";"SINGLE PROTEIN";"CHEMBL4387708";"1";"Scientific Literature";"J Med Chem";"2019";"None";"";"";""
"CHEMBL415311";"";"None";"248.14";"0";"2.57";"A7";"N/C(S)=N/N=C/c1ccc(Cl)c(Cl)c1";"Inhibition";"'='";"9.38";"%";"";"";"";"UO_0000187";"";"";"";"";"0";"CHEMBL4196419";"Inhibition of Leishmania major PTR1 at 50 uM using H2B as substrate in presence of NADPH by photometric analysis relative to control";"B";"BAO_0000357";"single protein format";"Leishmania major";"None";"None";"None";"None";"";"";"";"CHEMBL6194";"Pteridine reductase 1";"Leishmania major";"SINGLE PROTEIN";"CHEMBL4196006";"1";"Scientific Literature";"Eur J Med Chem";"2018";"None";"";"";""
"CHEMBL2386433";"";"None";"256.33";"0";"3.46";"1c";"Nc1nc2ccc(OCc3ccccc3)cc2s1";"Inhibition";"";"";"%";"";"";"Not Active";"UO_0000187";"";"";"";"";"0";"CHEMBL4388232";"Inhibition of Leishmania major pteridine reductase 1 at 50 uM using di-hydrobiopterine as substrate in presence of NADPH relative to control";"B";"BAO_0000357";"single protein format";"Leishmania major";"None";"None";"None";"None";"";"";"";"CHEMBL6194";"Pteridine reductase 1";"Leishmania major";"SINGLE PROTEIN";"CHEMBL4387708";"1";"Scientific Literature";"J Med Chem";"2019";"None";"";"";""
"CHEMBL4462566";"";"None";"502.42";"2";"6.05";"4r";"COc1ccc(CN(Cc2ccc(Cl)c(Cl)c2)C(=O)c2ccc3nc(N)sc3c2)cc1OC";"Inhibition";"";"";"%";"";"";"Not Active";"UO_0000187";"";"";"";"";"0";"CHEMBL4388232";"Inhibition of Leishmania major pteridine reductase 1 at 50 uM using di-hydrobiopterine as substrate in presence of NADPH relative to control";"B";"BAO_0000357";"single protein format";"Leishmania major";"None";"None";"None";"None";"";"";"";"CHEMBL6194";"Pteridine reductase 1";"Leishmania major";"SINGLE PROTEIN";"CHEMBL4387708";"1";"Scientific Literature";"J Med Chem";"2019";"None";"";"";""
"CHEMBL4460492";"";"None";"298.37";"0";"2.39";"4k";"Nc1nc2ccc(C(=O)NCc3ccccc3N)cc2s1";"Inhibition";"'>'";"60.0";"%";"";"";"";"UO_0000187";"";"";"";"";"0";"CHEMBL4388232";"Inhibition of Leishmania major pteridine reductase 1 at 50 uM using di-hydrobiopterine as substrate in presence of NADPH relative to control";"B";"BAO_0000357";"single protein format";"Leishmania major";"None";"None";"None";"None";"";"";"";"CHEMBL6194";"Pteridine reductase 1";"Leishmania major";"SINGLE PROTEIN";"CHEMBL4387708";"1";"Scientific Literature";"J Med Chem";"2019";"None";"";"";""
"CHEMBL4440584";"";"None";"304.40";"0";"2.85";"3c";"Nc1nc2ccc(S(=O)(=O)Cc3ccccc3)cc2s1";"Inhibition";"'='";"27.1";"%";"";"";"";"UO_0000187";"";"";"";"";"0";"CHEMBL4388232";"Inhibition of Leishmania major pteridine reductase 1 at 50 uM using di-hydrobiopterine as substrate in presence of NADPH relative to control";"B";"BAO_0000357";"single protein format";"Leishmania major";"None";"None";"None";"None";"";"";"";"CHEMBL6194";"Pteridine reductase 1";"Leishmania major";"SINGLE PROTEIN";"CHEMBL4387708";"1";"Scientific Literature";"J Med Chem";"2019";"None";"";"";""
"CHEMBL4540341";"";"None";"314.37";"0";"3.24";"1f";"COC(=O)c1ccc(COc2ccc3nc(N)sc3c2)cc1";"Inhibition";"'>'";"60.0";"%";"";"";"";"UO_0000187";"";"";"";"";"0";"CHEMBL4388232";"Inhibition of Leishmania major pteridine reductase 1 at 50 uM using di-hydrobiopterine as substrate in presence of NADPH relative to control";"B";"BAO_0000357";"single protein format";"Leishmania major";"None";"None";"None";"None";"";"";"";"CHEMBL6194";"Pteridine reductase 1";"Leishmania major";"SINGLE PROTEIN";"CHEMBL4387708";"1";"Scientific Literature";"J Med Chem";"2019";"None";"";"";""
"CHEMBL432942";"";"None";"228.30";"0";"1.28";"3a";"CS(=O)(=O)c1ccc2nc(N)sc2c1";"Inhibition";"'>'";"60.0";"%";"";"";"";"UO_0000187";"";"";"";"";"0";"CHEMBL4388232";"Inhibition of Leishmania major pteridine reductase 1 at 50 uM using di-hydrobiopterine as substrate in presence of NADPH relative to control";"B";"BAO_0000357";"single protein format";"Leishmania major";"None";"None";"None";"None";"";"";"";"CHEMBL6194";"Pteridine reductase 1";"Leishmania major";"SINGLE PROTEIN";"CHEMBL4387708";"1";"Scientific Literature";"J Med Chem";"2019";"None";"";"";""
"CHEMBL4446494";"";"None";"362.43";"0";"2.64";"3f";"COC(=O)c1ccc(CS(=O)(=O)c2ccc3nc(N)sc3c2)cc1";"Inhibition";"'>'";"60.0";"%";"";"";"";"UO_0000187";"";"";"";"";"0";"CHEMBL4388232";"Inhibition of Leishmania major pteridine reductase 1 at 50 uM using di-hydrobiopterine as substrate in presence of NADPH relative to control";"B";"BAO_0000357";"single protein format";"Leishmania major";"None";"None";"None";"None";"";"";"";"CHEMBL6194";"Pteridine reductase 1";"Leishmania major";"SINGLE PROTEIN";"CHEMBL4387708";"1";"Scientific Literature";"J Med Chem";"2019";"None";"";"";""
"CHEMBL4469761";"";"None";"283.36";"0";"2.81";"4c";"Nc1nc2ccc(C(=O)NCc3ccccc3)cc2s1";"Inhibition";"'>'";"60.0";"%";"";"";"";"UO_0000187";"";"";"";"";"0";"CHEMBL4388232";"Inhibition of Leishmania major pteridine reductase 1 at 50 uM using di-hydrobiopterine as substrate in presence of NADPH relative to control";"B";"BAO_0000357";"single protein format";"Leishmania major";"None";"None";"None";"None";"";"";"";"CHEMBL6194";"Pteridine reductase 1";"Leishmania major";"SINGLE PROTEIN";"CHEMBL4387708";"1";"Scientific Literature";"J Med Chem";"2019";"None";"";"";""
"CHEMBL4176986";"";"None";"347.28";"0";"2.60";"23";"Nc1ccc2oc(=O)c3c4c(oc3c2c1)C(=O)c1c(O)cccc1C4=O";"Inhibition";"'='";"6.19";"%";"";"";"";"UO_0000187";"";"";"";"";"0";"CHEMBL4135232";"Inhibition of Leishmania major pteridine reductase 1 assessed as reduction in conversion of dihydrobiopterin to tetrahydrobiopterin at 50 uM up to 50 mins in presence of NADPH by cytochrome c reduction coupled photometric assay relative to control";"B";"BAO_0000357";"single protein format";"Leishmania major";"None";"None";"None";"None";"";"";"";"CHEMBL6194";"Pteridine reductase 1";"Leishmania major";"SINGLE PROTEIN";"CHEMBL4130494";"1";"Scientific Literature";"Eur J Med Chem";"2017";"None";"";"";""
"CHEMBL4080301";"";"None";"282.37";"0";"3.75";"Z80393";"Cc1sc2ncnc(N/N=C/c3ccccc3)c2c1C";"Inhibition";"";"";"%";"";"";"Active";"UO_0000187";"";"";"";"";"0";"CHEMBL4026063";"Competitive inhibition of Leishmania major PTR1 assessed as decrease in thermal shift stabilization at 1 mM in presence of varying levels of biopterin and constant NADPH level by spectrofluorimetric method";"B";"BAO_0000357";"single protein format";"Leishmania major";"None";"None";"None";"None";"";"";"";"CHEMBL6194";"Pteridine reductase 1";"Leishmania major";"SINGLE PROTEIN";"CHEMBL4024726";"1";"Scientific Literature";"Eur J Med Chem";"2017";"None";"";"";""
"CHEMBL4581441";"";"None";"373.29";"0";"4.16";"3d";"Nc1nc2ccc(S(=O)(=O)Cc3ccc(Cl)c(Cl)c3)cc2s1";"Inhibition";"'='";"26.9";"%";"";"";"";"UO_0000187";"";"";"";"";"0";"CHEMBL4388232";"Inhibition of Leishmania major pteridine reductase 1 at 50 uM using di-hydrobiopterine as substrate in presence of NADPH relative to control";"B";"BAO_0000357";"single protein format";"Leishmania major";"None";"None";"None";"None";"";"";"";"CHEMBL6194";"Pteridine reductase 1";"Leishmania major";"SINGLE PROTEIN";"CHEMBL4387708";"1";"Scientific Literature";"J Med Chem";"2019";"None";"";"";""
